ID,Nombre,Apellido,Puesto,Departamento,Fecha_Contratacion,Salario_Anual_EUR,Nivel_Acceso
EMP-0001,Elena,Casanova,CEO,Dirección,2022-01-15,150000,5
EMP-0002,Cozy,Panda,CTO & Lead Architect,Ingeniería,2022-01-15,140000,5
EMP-0003,Marcos,Llorens,CFO,Finanzas,2022-02-01,130000,5
EMP-0004,Tariq,Al-Fayed,Head of Green Ops,Operaciones Verdes,2022-03-10,125000,5
EMP-0005,Tariq,Hernández,Data Scientist,Ingeniería,2023-06-03,63870,3
EMP-0006,José,Jiménez,Especialista en Refrigeración,Operaciones Verdes,2024-03-29,76847,4
EMP-0007,David,Álvarez,Desarrollador Junior,Ingeniería,2022-12-13,67609,3
EMP-0008,Laura,Romero,Ingeniero de Machine Learning,Ingeniería,2022-10-29,56016,3
EMP-0009,Carlos,Muñoz,Especialista en Soporte Técnico,Soporte Técnico,2023-09-09,44926,2
EMP-0010,Daniel,López,Especialista en Soporte Técnico,Soporte Técnico,2022-04-17,49685,2
EMP-0011,Lucía,Moreno,Especialista en Recursos Humanos,Recursos Humanos,2023-01-30,25783,1
EMP-0012,David,Gutiérrez,Desarrollador Senior,Ingeniería,2022-04-15,78919,4
EMP-0013,Alejandro,Pérez,Especialista en Finanzas,Finanzas,2023-08-07,43449,2
EMP-0014,Elena,Romero,Especialista en Finanzas,Finanzas,2022-07-28,36077,2
EMP-0015,Javier,Díaz,Ingeniero de Machine Learning,Ingeniería,2023-04-17,29350,1
EMP-0016,Marcos,Moreno,Desarrollador Senior,Ingeniería,2023-03-30,29212,1
EMP-0017,Carmen,Díaz,Arquitecto Cloud,Ingeniería,2023-07-09,26484,1
EMP-0018,Marta,Navarro,Especialista en Soporte Técnico,Soporte Técnico,2023-04-27,44584,2
EMP-0019,Marcos,Álvarez,Ingeniero DevOps,Ingeniería,2024-02-24,67165,3
EMP-0020,Tariq,Hernández,Desarrollador Senior,Ingeniería,2024-03-05,26211,1
EMP-0021,Cozy,Gómez,Especialista en Marketing,Marketing,2023-02-03,54429,2
EMP-0022,Laura,Torres,Especialista en Ventas,Ventas,2023-02-09,39576,2
EMP-0023,Pablo,López,Especialista en Legal,Legal,2023-12-06,55817,3
EMP-0024,Pablo,García,Especialista en Finanzas,Finanzas,2023-08-03,45147,2
EMP-0025,Paula,Muñoz,Especialista en Ventas,Ventas,2023-10-24,42122,2
EMP-0026,Sofía,Navarro,Auditor Green Ops,Operaciones Verdes,2022-12-09,61912,3
EMP-0027,Alejandro,Alonso,Data Scientist,Ingeniería,2022-05-11,68878,3
EMP-0028,Ana,Hernández,Data Scientist,Ingeniería,2023-06-12,26858,1
EMP-0029,Cozy,Muñoz,Ingeniero DevOps,Ingeniería,2024-01-03,28998,1
EMP-0030,Pablo,Romero,Arquitecto Cloud,Ingeniería,2023-01-09,32255,1
EMP-0031,María,Navarro,Especialista en Recursos Humanos,Recursos Humanos,2022-06-07,56714,3
EMP-0032,Daniel,Martín,Especialista en Marketing,Marketing,2024-02-23,37974,2
EMP-0033,Cozy,Martín,Desarrollador Junior,Ingeniería,2023-03-28,57059,3
EMP-0034,Elena,Moreno,Data Scientist,Ingeniería,2023-06-26,28256,1
EMP-0035,Tariq,Martínez,Ingeniero de Eficiencia Energética,Operaciones Verdes,2022-10-19,38546,2
EMP-0036,Carlos,Moreno,Especialista en Soporte Técnico,Soporte Técnico,2022-10-08,43190,2
EMP-0037,Sergio,Muñoz,Especialista en Ventas,Ventas,2023-11-21,60205,3
EMP-0038,Alejandro,Martínez,Desarrollador Junior,Ingeniería,2023-10-31,45346,2
EMP-0039,José,García,Especialista en Soporte Técnico,Soporte Técnico,2022-09-10,63527,3
EMP-0040,Ana,Al-Fayed,Técnico de Data Center,Operaciones Verdes,2022-11-22,36817,2
EMP-0041,José,Romero,Desarrollador Senior,Ingeniería,2022-06-15,43574,2
EMP-0042,Jorge,Hernández,Desarrollador Junior,Ingeniería,2022-04-07,68138,3
EMP-0043,Sergio,Panda,Especialista en Recursos Humanos,Recursos Humanos,2022-12-14,69227,3
EMP-0044,Jorge,Gómez,Ingeniero DevOps,Ingeniería,2022-09-11,51256,2
EMP-0045,Paula,Muñoz,Especialista en Recursos Humanos,Recursos Humanos,2023-08-06,71380,3
EMP-0046,Héctor,Muñoz,Especialista en Recursos Humanos,Recursos Humanos,2023-07-19,43079,2
EMP-0047,Pablo,Navarro,Ingeniero de Machine Learning,Ingeniería,2024-04-26,72359,3
EMP-0048,Cozy,Muñoz,Especialista en Ventas,Ventas,2022-05-07,45798,2
EMP-0049,Carlos,Torres,Ingeniero de Eficiencia Energética,Operaciones Verdes,2023-05-14,45671,2
EMP-0050,Héctor,Alonso,Desarrollador Junior,Ingeniería,2023-04-30,75809,4
EMP-0051,Carlos,Panda,Especialista en Recursos Humanos,Recursos Humanos,2022-11-04,56902,3
EMP-0052,Pablo,Díaz,Especialista en Finanzas,Finanzas,2022-08-07,68080,3
EMP-0053,Marcos,Navarro,Desarrollador Junior,Ingeniería,2022-04-09,29102,1
EMP-0054,José,Sánchez,Especialista en Legal,Legal,2022-10-15,33458,1
EMP-0055,Marta,Casanova,Especialista en Legal,Legal,2022-11-03,46712,2
EMP-0056,Javier,Martínez,Especialista en Soporte Técnico,Soporte Técnico,2023-02-12,28254,1
EMP-0057,Ana,Torres,Desarrollador Junior,Ingeniería,2024-03-13,43847,2
EMP-0058,Marta,Navarro,Especialista en Ventas,Ventas,2023-11-24,29469,1
EMP-0059,Tariq,Llorens,Arquitecto Cloud,Ingeniería,2023-08-27,55571,3
EMP-0060,Carlos,García,Auditor Green Ops,Operaciones Verdes,2023-03-13,35799,2
EMP-0061,José,Gutiérrez,Especialista en Refrigeración,Operaciones Verdes,2022-12-07,65331,3
EMP-0062,Lucía,Torres,Ingeniero de Machine Learning,Ingeniería,2023-10-11,58821,3
EMP-0063,Paula,Torres,Data Scientist,Ingeniería,2022-06-21,35822,2
EMP-0064,Alejandro,Pérez,Auditor Green Ops,Operaciones Verdes,2023-04-15,77243,4
EMP-0065,Juan,Romero,Auditor Green Ops,Operaciones Verdes,2024-02-21,28487,1
EMP-0066,Sergio,Casanova,Especialista en Legal,Legal,2024-03-12,47689,2
EMP-0067,María,Pérez,Especialista en Ventas,Ventas,2023-03-16,53506,2
EMP-0068,Daniel,Sánchez,Ingeniero de Machine Learning,Ingeniería,2023-02-23,73523,3
EMP-0069,Javier,Llorens,Data Scientist,Ingeniería,2023-06-25,51346,2
EMP-0070,Marcos,García,Arquitecto Cloud,Ingeniería,2023-08-17,34760,1
EMP-0071,Sergio,Pérez,Ingeniero DevOps,Ingeniería,2023-11-13,48434,2
EMP-0072,Sergio,López,Desarrollador Junior,Ingeniería,2022-05-12,70363,3
EMP-0073,Isabel,Gutiérrez,Especialista en Refrigeración,Operaciones Verdes,2023-07-01,49092,2
EMP-0074,Jorge,Al-Fayed,Especialista en Marketing,Marketing,2022-10-23,76026,4
EMP-0075,Tariq,Panda,Especialista en Ventas,Ventas,2022-04-19,38954,2
EMP-0076,Laura,Panda,Ingeniero DevOps,Ingeniería,2024-01-23,73483,3
EMP-0077,Alejandro,Panda,Especialista en Ventas,Ventas,2023-10-31,69242,3
EMP-0078,Lucía,Sánchez,Especialista en Refrigeración,Operaciones Verdes,2023-07-24,34227,1
EMP-0079,Marcos,Sánchez,Data Scientist,Ingeniería,2022-09-26,59608,3
EMP-0080,Alejandro,Panda,Ingeniero DevOps,Ingeniería,2023-02-22,49278,2
EMP-0081,Ana,Martínez,Ingeniero de Eficiencia Energética,Operaciones Verdes,2024-02-29,27374,1
EMP-0082,Javier,Al-Fayed,Ingeniero de Eficiencia Energética,Operaciones Verdes,2022-10-10,72090,3
EMP-0083,Laura,Llorens,Desarrollador Junior,Ingeniería,2023-10-04,72194,3
EMP-0084,Daniel,Casanova,Especialista en Ventas,Ventas,2022-08-26,68442,3
EMP-0085,Pablo,Sánchez,Ingeniero de Eficiencia Energética,Operaciones Verdes,2023-05-22,78317,4
EMP-0086,Alejandro,García,Ingeniero DevOps,Ingeniería,2023-10-12,63400,3
EMP-0087,Laura,Moreno,Desarrollador Junior,Ingeniería,2023-07-26,67367,3
EMP-0088,María,Díaz,Ingeniero de Machine Learning,Ingeniería,2022-12-11,60698,3
EMP-0089,Marcos,Torres,Ingeniero DevOps,Ingeniería,2023-09-13,61043,3
EMP-0090,Daniel,Torres,Ingeniero de Eficiencia Energética,Operaciones Verdes,2023-10-28,45843,2
EMP-0091,Héctor,López,Especialista en Ventas,Ventas,2022-07-11,43645,2
EMP-0092,Jorge,Pérez,Desarrollador Senior,Ingeniería,2023-09-04,27908,1
EMP-0093,Alejandro,Gómez,Data Scientist,Ingeniería,2023-12-01,46680,2
EMP-0094,Pablo,Hernández,Especialista en Refrigeración,Operaciones Verdes,2023-04-24,44073,2
EMP-0095,Carlos,Muñoz,Especialista en Soporte Técnico,Soporte Técnico,2022-11-24,28468,1
EMP-0096,Tariq,Torres,Especialista en Recursos Humanos,Recursos Humanos,2023-01-02,78104,4
EMP-0097,María,Navarro,Especialista en Ventas,Ventas,2024-03-17,41404,2
EMP-0098,Lucía,Sánchez,Auditor Green Ops,Operaciones Verdes,2023-09-27,60683,3
EMP-0099,Ana,Martín,Especialista en Finanzas,Finanzas,2024-01-26,45263,2
EMP-0100,Marcos,Martín,Desarrollador Junior,Ingeniería,2022-07-01,40880,2
EMP-0101,Carlos,Martínez,Especialista en Finanzas,Finanzas,2023-07-12,48251,2
EMP-0102,Juan,Torres,Ingeniero de Eficiencia Energética,Operaciones Verdes,2022-11-26,27635,1
EMP-0103,Lucía,Pérez,Arquitecto Cloud,Ingeniería,2023-08-19,79893,4
EMP-0104,Jorge,García,Auditor Green Ops,Operaciones Verdes,2022-08-30,46174,2
EMP-0105,Cozy,Gómez,Técnico de Data Center,Operaciones Verdes,2023-11-27,55299,3
EMP-0106,Jorge,Martín,Arquitecto Cloud,Ingeniería,2024-04-16,71177,3
EMP-0107,José,Torres,Arquitecto Cloud,Ingeniería,2023-03-01,30703,1
EMP-0108,Carlos,Casanova,Especialista en Finanzas,Finanzas,2023-06-02,29677,1
EMP-0109,Marta,García,Especialista en Ventas,Ventas,2024-03-28,35158,2
EMP-0110,Carlos,Álvarez,Especialista en Marketing,Marketing,2023-08-06,38003,2
EMP-0111,Jorge,Muñoz,Desarrollador Senior,Ingeniería,2022-07-31,74173,3
EMP-0112,José,Llorens,Especialista en Finanzas,Finanzas,2023-01-06,73124,3
EMP-0113,Carlos,Muñoz,Desarrollador Junior,Ingeniería,2023-11-28,36067,2
EMP-0114,Pablo,Torres,Especialista en Soporte Técnico,Soporte Técnico,2022-08-12,52537,2
EMP-0115,Sofía,Jiménez,Técnico de Data Center,Operaciones Verdes,2022-04-28,68445,3
EMP-0116,Marcos,Gutiérrez,Especialista en Soporte Técnico,Soporte Técnico,2022-05-23,59775,3
EMP-0117,Sofía,Ruiz,Especialista en Soporte Técnico,Soporte Técnico,2022-04-05,71424,3
EMP-0118,Carmen,Domínguez,Desarrollador Junior,Ingeniería,2022-08-30,66067,3
EMP-0119,Sofía,Ruiz,Especialista en Ventas,Ventas,2024-04-02,48039,2
EMP-0120,Sergio,Gómez,Desarrollador Senior,Ingeniería,2023-06-10,42311,2
EMP-0121,Héctor,Jiménez,Desarrollador Senior,Ingeniería,2023-08-28,25484,1
EMP-0122,Juan,Navarro,Desarrollador Senior,Ingeniería,2024-01-08,51583,2
EMP-0123,Cozy,Panda,Especialista en Marketing,Marketing,2022-06-19,25112,1
EMP-0124,Pablo,Domínguez,Especialista en Ventas,Ventas,2023-12-10,47425,2
EMP-0125,Sergio,Panda,Data Scientist,Ingeniería,2023-09-22,74108,3
EMP-0126,José,López,Data Scientist,Ingeniería,2023-08-15,58066,3
EMP-0127,Pablo,López,Especialista en Ventas,Ventas,2024-03-13,53167,2
EMP-0128,Jorge,Torres,Especialista en Ventas,Ventas,2023-03-14,34988,1
EMP-0129,Ana,Muñoz,Auditor Green Ops,Operaciones Verdes,2024-02-25,70952,3
EMP-0130,María,Al-Fayed,Especialista en Finanzas,Finanzas,2022-08-23,78781,4
EMP-0131,Alejandro,Álvarez,Desarrollador Senior,Ingeniería,2024-03-13,55535,3
EMP-0132,Héctor,Casanova,Especialista en Ventas,Ventas,2023-03-27,32523,1
EMP-0133,Isabel,Hernández,Especialista en Marketing,Marketing,2023-02-13,67755,3
EMP-0134,Lucía,Díaz,Desarrollador Junior,Ingeniería,2023-03-02,58194,3
EMP-0135,Alejandro,Moreno,Especialista en Soporte Técnico,Soporte Técnico,2022-04-06,38700,2
EMP-0136,Marta,Romero,Desarrollador Senior,Ingeniería,2022-07-25,37622,2
EMP-0137,Ana,Domínguez,Especialista en Recursos Humanos,Recursos Humanos,2023-02-20,55461,3
EMP-0138,David,Llorens,Arquitecto Cloud,Ingeniería,2023-05-09,43038,2
EMP-0139,Sofía,Navarro,Especialista en Legal,Legal,2022-09-18,40461,2
EMP-0140,Pablo,Casanova,Técnico de Data Center,Operaciones Verdes,2023-10-23,73724,3
EMP-0141,Sofía,Gómez,Ingeniero DevOps,Ingeniería,2022-06-15,76293,4
EMP-0142,Lucía,Alonso,Especialista en Soporte Técnico,Soporte Técnico,2024-04-29,60706,3
EMP-0143,Javier,Alonso,Especialista en Ventas,Ventas,2022-04-20,41809,2
EMP-0144,Héctor,Muñoz,Especialista en Legal,Legal,2024-03-06,65094,3
EMP-0145,Elena,Navarro,Ingeniero de Eficiencia Energética,Operaciones Verdes,2023-12-28,73792,3
EMP-0146,Pablo,Jiménez,Técnico de Data Center,Operaciones Verdes,2023-09-20,75833,4
EMP-0147,Daniel,Romero,Ingeniero DevOps,Ingeniería,2023-05-05,78422,4
EMP-0148,Lucía,Navarro,Ingeniero DevOps,Ingeniería,2023-06-09,46881,2
EMP-0149,Tariq,Álvarez,Especialista en Soporte Técnico,Soporte Técnico,2022-06-22,69243,3
EMP-0150,Daniel,Romero,Auditor Green Ops,Operaciones Verdes,2024-01-27,31220,1
EMP-0151,Daniel,Muñoz,Desarrollador Junior,Ingeniería,2022-05-29,65066,3
EMP-0152,María,Martínez,Especialista en Marketing,Marketing,2024-02-08,53387,2
EMP-0153,Laura,Panda,Data Scientist,Ingeniería,2022-06-08,55533,3
EMP-0154,Sergio,Martín,Técnico de Data Center,Operaciones Verdes,2023-07-04,26353,1
EMP-0155,Ana,Martín,Arquitecto Cloud,Ingeniería,2023-12-20,31495,1
EMP-0156,David,Muñoz,Desarrollador Junior,Ingeniería,2024-03-25,68966,3
EMP-0157,David,Martín,Especialista en Ventas,Ventas,2022-12-22,44277,2
EMP-0158,Pablo,Martín,Especialista en Marketing,Marketing,2022-10-06,33667,1
EMP-0159,Carlos,Navarro,Especialista en Soporte Técnico,Soporte Técnico,2023-03-04,50507,2
EMP-0160,Tariq,Domínguez,Especialista en Ventas,Ventas,2023-11-24,60590,3
EMP-0161,Héctor,Llorens,Especialista en Soporte Técnico,Soporte Técnico,2022-10-16,61821,3
EMP-0162,Juan,Ruiz,Especialista en Recursos Humanos,Recursos Humanos,2023-07-23,30406,1
EMP-0163,Paula,Gómez,Especialista en Legal,Legal,2024-03-04,49083,2
EMP-0164,Pablo,García,Especialista en Recursos Humanos,Recursos Humanos,2023-01-05,75166,4
EMP-0165,Ana,Romero,Auditor Green Ops,Operaciones Verdes,2023-06-08,42705,2
EMP-0166,David,Martín,Especialista en Soporte Técnico,Soporte Técnico,2022-07-09,30998,1
EMP-0167,Marta,Jiménez,Especialista en Marketing,Marketing,2022-07-03,56489,3
EMP-0168,María,Hernández,Ingeniero de Machine Learning,Ingeniería,2023-08-27,78700,4
EMP-0169,Alejandro,Torres,Arquitecto Cloud,Ingeniería,2024-01-10,49100,2
EMP-0170,Alejandro,López,Especialista en Legal,Legal,2022-12-23,37634,2
EMP-0171,Elena,Alonso,Data Scientist,Ingeniería,2022-05-18,60179,3
EMP-0172,Tariq,Díaz,Especialista en Marketing,Marketing,2023-08-11,78496,4
EMP-0173,David,Gómez,Especialista en Soporte Técnico,Soporte Técnico,2023-09-07,28040,1
EMP-0174,Javier,Gómez,Especialista en Soporte Técnico,Soporte Técnico,2023-01-02,46956,2
EMP-0175,Marta,Jiménez,Arquitecto Cloud,Ingeniería,2024-01-05,52703,2
EMP-0176,Marcos,Navarro,Especialista en Legal,Legal,2024-02-16,63010,3
EMP-0177,David,Martínez,Especialista en Ventas,Ventas,2023-02-26,71149,3
EMP-0178,David,Pérez,Especialista en Finanzas,Finanzas,2022-11-06,40871,2
EMP-0179,Alejandro,Gómez,Ingeniero de Machine Learning,Ingeniería,2024-02-03,71372,3
EMP-0180,José,Romero,Especialista en Ventas,Ventas,2022-06-19,55356,3
EMP-0181,Isabel,García,Especialista en Ventas,Ventas,2022-04-15,67988,3
EMP-0182,Marcos,Pérez,Ingeniero DevOps,Ingeniería,2023-02-07,72104,3
EMP-0183,Pablo,Alonso,Especialista en Soporte Técnico,Soporte Técnico,2022-07-21,71321,3
EMP-0184,Sergio,Panda,Desarrollador Senior,Ingeniería,2022-04-03,74601,3
EMP-0185,Cozy,Pérez,Especialista en Soporte Técnico,Soporte Técnico,2023-12-15,71660,3
EMP-0186,Ana,Pérez,Especialista en Ventas,Ventas,2023-01-11,40115,2
EMP-0187,Ana,Gutiérrez,Data Scientist,Ingeniería,2024-01-05,42149,2
EMP-0188,Cozy,Pérez,Especialista en Soporte Técnico,Soporte Técnico,2022-04-22,76423,4
EMP-0189,María,Martínez,Especialista en Legal,Legal,2022-09-06,52136,2
EMP-0190,Juan,Hernández,Especialista en Legal,Legal,2024-02-22,49704,2
EMP-0191,Paula,Ruiz,Especialista en Legal,Legal,2022-04-27,62393,3
EMP-0192,Paula,Gutiérrez,Ingeniero de Eficiencia Energética,Operaciones Verdes,2023-05-26,57509,3
EMP-0193,Carmen,Romero,Especialista en Soporte Técnico,Soporte Técnico,2023-02-26,32784,1
EMP-0194,Marcos,Jiménez,Especialista en Finanzas,Finanzas,2023-06-06,69312,3
EMP-0195,Daniel,Sánchez,Ingeniero de Machine Learning,Ingeniería,2024-01-29,31854,1
EMP-0196,Laura,Álvarez,Desarrollador Junior,Ingeniería,2022-10-03,55193,3
EMP-0197,Sergio,Torres,Ingeniero de Machine Learning,Ingeniería,2023-08-24,40543,2
EMP-0198,Marcos,Llorens,Especialista en Ventas,Ventas,2023-04-03,38682,2
EMP-0199,Marcos,Díaz,Auditor Green Ops,Operaciones Verdes,2023-10-06,45398,2
EMP-0200,Daniel,Martínez,Auditor Green Ops,Operaciones Verdes,2023-05-28,55018,3
EMP-0201,Marta,Moreno,Desarrollador Senior,Ingeniería,2023-08-22,50584,2
EMP-0202,Sergio,Moreno,Especialista en Ventas,Ventas,2022-07-20,38037,2
EMP-0203,Daniel,Torres,Especialista en Recursos Humanos,Recursos Humanos,2022-05-16,36215,2
EMP-0204,Carlos,Alonso,Data Scientist,Ingeniería,2024-03-24,63532,3
EMP-0205,Marcos,Moreno,Ingeniero DevOps,Ingeniería,2022-05-14,78921,4
EMP-0206,Isabel,Alonso,Especialista en Finanzas,Finanzas,2022-09-08,51687,2
EMP-0207,Laura,Muñoz,Desarrollador Junior,Ingeniería,2024-04-14,72525,3
EMP-0208,Sofía,Gómez,Arquitecto Cloud,Ingeniería,2022-07-17,44073,2
EMP-0209,Ana,Torres,Desarrollador Junior,Ingeniería,2024-01-01,28510,1
EMP-0210,Isabel,Al-Fayed,Especialista en Marketing,Marketing,2023-08-29,49014,2
EMP-0211,Cozy,Martínez,Arquitecto Cloud,Ingeniería,2024-03-23,58982,3
EMP-0212,Carmen,Casanova,Data Scientist,Ingeniería,2022-04-10,67836,3
EMP-0213,Marcos,Gutiérrez,Desarrollador Junior,Ingeniería,2023-04-16,43211,2
EMP-0214,Tariq,Llorens,Arquitecto Cloud,Ingeniería,2024-03-14,26491,1
EMP-0215,Juan,Gutiérrez,Especialista en Ventas,Ventas,2023-04-13,55713,3
EMP-0216,Alejandro,Pérez,Especialista en Finanzas,Finanzas,2022-07-29,50257,2
EMP-0217,Javier,Jiménez,Ingeniero de Machine Learning,Ingeniería,2023-08-31,59803,3
EMP-0218,Pablo,Casanova,Especialista en Soporte Técnico,Soporte Técnico,2023-08-31,74076,3
EMP-0219,Isabel,Díaz,Arquitecto Cloud,Ingeniería,2022-07-17,40350,2
EMP-0220,Juan,Álvarez,Especialista en Marketing,Marketing,2022-09-27,69316,3
EMP-0221,Carlos,Gutiérrez,Especialista en Legal,Legal,2024-01-16,60306,3
EMP-0222,Sofía,Casanova,Especialista en Finanzas,Finanzas,2022-04-26,67002,3
EMP-0223,Juan,Gómez,Especialista en Soporte Técnico,Soporte Técnico,2023-01-20,73461,3
EMP-0224,David,Llorens,Ingeniero de Eficiencia Energética,Operaciones Verdes,2023-03-14,59921,3
EMP-0225,María,García,Técnico de Data Center,Operaciones Verdes,2023-12-22,25625,1
EMP-0226,Sofía,Romero,Especialista en Soporte Técnico,Soporte Técnico,2022-09-30,59580,3
EMP-0227,Pablo,Gómez,Especialista en Marketing,Marketing,2022-09-15,64195,3
EMP-0228,Jorge,Díaz,Especialista en Ventas,Ventas,2023-12-08,51785,2
EMP-0229,David,Gómez,Especialista en Marketing,Marketing,2023-11-05,42333,2
EMP-0230,Marta,López,Data Scientist,Ingeniería,2022-06-26,50886,2
EMP-0231,Héctor,Martínez,Arquitecto Cloud,Ingeniería,2023-04-02,42155,2
EMP-0232,Marta,Pérez,Especialista en Ventas,Ventas,2023-04-25,31040,1
EMP-0233,Carlos,Álvarez,Desarrollador Senior,Ingeniería,2023-06-10,42175,2
EMP-0234,Juan,Gutiérrez,Ingeniero de Machine Learning,Ingeniería,2022-11-06,28438,1
EMP-0235,Héctor,Álvarez,Especialista en Recursos Humanos,Recursos Humanos,2022-05-22,44290,2
EMP-0236,Cozy,Torres,Especialista en Marketing,Marketing,2024-02-09,74891,3
EMP-0237,Juan,Casanova,Ingeniero DevOps,Ingeniería,2023-02-04,52540,2
EMP-0238,Paula,Muñoz,Técnico de Data Center,Operaciones Verdes,2022-12-09,50278,2
EMP-0239,Daniel,Domínguez,Especialista en Marketing,Marketing,2022-05-03,47198,2
EMP-0240,David,Romero,Especialista en Finanzas,Finanzas,2022-12-03,74711,3
EMP-0241,Laura,Ruiz,Desarrollador Senior,Ingeniería,2024-04-18,74592,3
EMP-0242,Sergio,Ruiz,Especialista en Refrigeración,Operaciones Verdes,2023-01-10,66718,3
EMP-0243,Javier,Sánchez,Data Scientist,Ingeniería,2024-01-03,72278,3
EMP-0244,Marta,Díaz,Auditor Green Ops,Operaciones Verdes,2023-06-01,36532,2
EMP-0245,Cozy,Alonso,Especialista en Ventas,Ventas,2023-07-24,39766,2
EMP-0246,Ana,Martínez,Ingeniero DevOps,Ingeniería,2023-12-07,34427,1
EMP-0247,Carlos,Hernández,Especialista en Marketing,Marketing,2022-04-25,46835,2
EMP-0248,Ana,Panda,Especialista en Ventas,Ventas,2023-07-13,67002,3
EMP-0249,Tariq,García,Ingeniero de Eficiencia Energética,Operaciones Verdes,2022-05-30,27749,1
EMP-0250,José,Casanova,Técnico de Data Center,Operaciones Verdes,2022-08-20,35266,2
EMP-0251,José,Moreno,Especialista en Ventas,Ventas,2022-11-26,38512,2
EMP-0252,Carlos,Casanova,Especialista en Legal,Legal,2023-11-22,45284,2
EMP-0253,Lucía,García,Técnico de Data Center,Operaciones Verdes,2023-02-05,44853,2
EMP-0254,Cozy,Casanova,Desarrollador Junior,Ingeniería,2022-08-22,65311,3
EMP-0255,Daniel,Navarro,Desarrollador Senior,Ingeniería,2022-07-18,34708,1
EMP-0256,David,Casanova,Especialista en Finanzas,Finanzas,2023-11-23,39241,2
EMP-0257,Juan,Llorens,Especialista en Marketing,Marketing,2024-04-10,58590,3
EMP-0258,Laura,Hernández,Desarrollador Senior,Ingeniería,2023-07-06,69835,3
EMP-0259,Ana,Gutiérrez,Ingeniero DevOps,Ingeniería,2024-03-21,33367,1
EMP-0260,Héctor,Moreno,Desarrollador Senior,Ingeniería,2023-05-23,60933,3
EMP-0261,Juan,Panda,Especialista en Marketing,Marketing,2024-01-04,79521,4
EMP-0262,Carmen,Panda,Técnico de Data Center,Operaciones Verdes,2022-06-04,61297,3
EMP-0263,José,Panda,Especialista en Recursos Humanos,Recursos Humanos,2023-06-22,69704,3
EMP-0264,Javier,Casanova,Desarrollador Junior,Ingeniería,2024-03-08,50547,2
EMP-0265,Tariq,Álvarez,Ingeniero DevOps,Ingeniería,2022-10-01,59076,3
EMP-0266,Carmen,Gutiérrez,Especialista en Marketing,Marketing,2023-11-20,77072,4
EMP-0267,Marcos,Jiménez,Especialista en Ventas,Ventas,2023-08-16,73579,3
EMP-0268,Marta,Navarro,Data Scientist,Ingeniería,2024-02-04,55804,3
EMP-0269,Carmen,Ruiz,Ingeniero de Machine Learning,Ingeniería,2024-02-05,26682,1
EMP-0270,Ana,Casanova,Especialista en Marketing,Marketing,2023-08-02,50027,2
EMP-0271,Cozy,Romero,Especialista en Ventas,Ventas,2024-01-25,52796,2
EMP-0272,Carmen,Pérez,Data Scientist,Ingeniería,2023-08-07,41534,2
EMP-0273,José,Torres,Ingeniero de Machine Learning,Ingeniería,2022-10-16,76935,4
EMP-0274,Tariq,Llorens,Desarrollador Junior,Ingeniería,2023-08-11,77161,4
EMP-0275,Carlos,Sánchez,Especialista en Soporte Técnico,Soporte Técnico,2023-04-07,28840,1
EMP-0276,Juan,Casanova,Especialista en Soporte Técnico,Soporte Técnico,2023-01-20,31144,1
EMP-0277,Héctor,Domínguez,Especialista en Finanzas,Finanzas,2022-07-25,63890,3
EMP-0278,Jorge,Muñoz,Ingeniero DevOps,Ingeniería,2024-01-15,56054,3
EMP-0279,Alejandro,Gutiérrez,Especialista en Marketing,Marketing,2022-12-10,26046,1
EMP-0280,Alejandro,Panda,Especialista en Recursos Humanos,Recursos Humanos,2022-08-02,38919,2
EMP-0281,Elena,Moreno,Especialista en Finanzas,Finanzas,2023-09-03,68282,3
EMP-0282,Juan,García,Especialista en Refrigeración,Operaciones Verdes,2024-04-13,47507,2
EMP-0283,Carmen,Llorens,Especialista en Legal,Legal,2022-08-08,41111,2
EMP-0284,Jorge,Casanova,Ingeniero DevOps,Ingeniería,2024-04-25,38667,2
EMP-0285,Pablo,Muñoz,Especialista en Marketing,Marketing,2023-07-27,74767,3
EMP-0286,Marcos,Pérez,Especialista en Ventas,Ventas,2024-04-12,53212,2
EMP-0287,Javier,Hernández,Especialista en Finanzas,Finanzas,2022-04-20,76765,4
EMP-0288,Carmen,Gómez,Especialista en Ventas,Ventas,2022-08-28,73336,3
EMP-0289,Carlos,Ruiz,Arquitecto Cloud,Ingeniería,2023-09-27,74722,3
EMP-0290,Carmen,Casanova,Ingeniero DevOps,Ingeniería,2022-07-14,30711,1
EMP-0291,Isabel,Gómez,Desarrollador Junior,Ingeniería,2023-03-25,60262,3
EMP-0292,Cozy,Jiménez,Especialista en Soporte Técnico,Soporte Técnico,2024-05-01,41738,2
EMP-0293,José,López,Especialista en Soporte Técnico,Soporte Técnico,2023-08-06,54745,2
EMP-0294,Carmen,Pérez,Data Scientist,Ingeniería,2023-03-12,29192,1
EMP-0295,Ana,Navarro,Desarrollador Senior,Ingeniería,2024-02-18,56136,3
EMP-0296,Marcos,Martínez,Ingeniero de Machine Learning,Ingeniería,2023-11-10,32533,1
EMP-0297,Javier,Álvarez,Técnico de Data Center,Operaciones Verdes,2022-06-29,49652,2
EMP-0298,María,Al-Fayed,Especialista en Legal,Legal,2022-10-07,36229,2
EMP-0299,Juan,Pérez,Especialista en Ventas,Ventas,2024-04-26,53343,2
EMP-0300,Juan,Sánchez,Especialista en Ventas,Ventas,2023-02-14,56730,3
EMP-0301,Ana,Moreno,Especialista en Recursos Humanos,Recursos Humanos,2023-11-14,50369,2
EMP-0302,Juan,Ruiz,Ingeniero DevOps,Ingeniería,2022-08-25,74961,3
EMP-0303,José,Gutiérrez,Ingeniero de Eficiencia Energética,Operaciones Verdes,2022-07-12,29972,1
EMP-0304,Jorge,Díaz,Desarrollador Senior,Ingeniería,2023-07-18,57008,3
EMP-0305,Lucía,Pérez,Arquitecto Cloud,Ingeniería,2022-06-16,48519,2
EMP-0306,Alejandro,Alonso,Especialista en Legal,Legal,2023-10-06,66755,3
EMP-0307,Jorge,Álvarez,Desarrollador Senior,Ingeniería,2023-08-26,65622,3
EMP-0308,Pablo,Torres,Desarrollador Junior,Ingeniería,2023-04-07,28954,1
EMP-0309,Héctor,Llorens,Especialista en Soporte Técnico,Soporte Técnico,2022-10-14,53872,2
EMP-0310,Carmen,Muñoz,Arquitecto Cloud,Ingeniería,2023-10-02,71659,3
EMP-0311,Marcos,Muñoz,Técnico de Data Center,Operaciones Verdes,2023-08-17,68518,3
EMP-0312,Sergio,Navarro,Ingeniero de Machine Learning,Ingeniería,2023-05-24,43079,2
EMP-0313,Tariq,López,Desarrollador Junior,Ingeniería,2023-06-14,44095,2
EMP-0314,Alejandro,Casanova,Data Scientist,Ingeniería,2022-07-29,47034,2
EMP-0315,Isabel,Moreno,Especialista en Refrigeración,Operaciones Verdes,2023-12-26,76114,4
EMP-0316,Elena,Alonso,Especialista en Ventas,Ventas,2024-01-17,62990,3
EMP-0317,Daniel,Sánchez,Ingeniero DevOps,Ingeniería,2022-08-24,69221,3
EMP-0318,Sofía,García,Especialista en Ventas,Ventas,2024-04-25,34269,1
EMP-0319,Carlos,Gómez,Especialista en Legal,Legal,2022-12-04,34653,1
EMP-0320,David,Díaz,Arquitecto Cloud,Ingeniería,2023-03-15,63888,3
EMP-0321,Carlos,Torres,Especialista en Refrigeración,Operaciones Verdes,2023-08-08,69313,3
EMP-0322,Ana,López,Especialista en Finanzas,Finanzas,2022-06-08,32555,1
EMP-0323,Paula,Gómez,Data Scientist,Ingeniería,2023-04-15,58886,3
EMP-0324,Cozy,Martín,Ingeniero DevOps,Ingeniería,2022-11-17,47638,2
EMP-0325,Marcos,Martín,Arquitecto Cloud,Ingeniería,2022-05-07,55703,3
EMP-0326,Pablo,Llorens,Especialista en Legal,Legal,2023-04-21,41636,2
EMP-0327,María,Martín,Data Scientist,Ingeniería,2022-05-31,58183,3
EMP-0328,Marta,Moreno,Arquitecto Cloud,Ingeniería,2023-07-05,43948,2
EMP-0329,Jorge,Jiménez,Especialista en Marketing,Marketing,2023-10-21,69870,3
EMP-0330,Laura,Gutiérrez,Especialista en Legal,Legal,2023-04-17,77050,4
EMP-0331,Tariq,Domínguez,Ingeniero de Eficiencia Energética,Operaciones Verdes,2023-11-22,37628,2
EMP-0332,Cozy,Gutiérrez,Especialista en Marketing,Marketing,2023-09-08,72892,3
EMP-0333,María,Al-Fayed,Especialista en Refrigeración,Operaciones Verdes,2023-06-30,64220,3
EMP-0334,Carlos,Martín,Desarrollador Senior,Ingeniería,2023-09-13,48136,2
EMP-0335,Isabel,Al-Fayed,Ingeniero DevOps,Ingeniería,2023-02-05,47899,2
EMP-0336,Carmen,Navarro,Desarrollador Senior,Ingeniería,2022-07-06,34043,1
EMP-0337,Daniel,Panda,Especialista en Recursos Humanos,Recursos Humanos,2023-05-31,30366,1
EMP-0338,Sergio,Martínez,Arquitecto Cloud,Ingeniería,2023-05-19,71486,3
EMP-0339,Lucía,López,Especialista en Marketing,Marketing,2023-05-09,61659,3
EMP-0340,Alejandro,Casanova,Desarrollador Junior,Ingeniería,2022-05-17,62011,3
EMP-0341,Tariq,Gómez,Ingeniero de Machine Learning,Ingeniería,2024-01-23,34379,1
EMP-0342,Tariq,Díaz,Especialista en Refrigeración,Operaciones Verdes,2022-12-04,64045,3
EMP-0343,Jorge,Pérez,Ingeniero de Machine Learning,Ingeniería,2023-10-08,45416,2
EMP-0344,Isabel,Pérez,Especialista en Finanzas,Finanzas,2022-10-23,52997,2
EMP-0345,Marcos,Moreno,Desarrollador Junior,Ingeniería,2024-04-17,69249,3
EMP-0346,Isabel,López,Desarrollador Senior,Ingeniería,2023-04-13,66239,3
EMP-0347,Tariq,Álvarez,Arquitecto Cloud,Ingeniería,2023-03-27,64454,3
EMP-0348,Elena,Llorens,Desarrollador Senior,Ingeniería,2024-03-07,58545,3
EMP-0349,Marta,Martín,Técnico de Data Center,Operaciones Verdes,2022-12-23,72115,3
EMP-0350,Jorge,Muñoz,Especialista en Ventas,Ventas,2024-04-11,54944,2
EMP-0351,Cozy,Pérez,Ingeniero de Machine Learning,Ingeniería,2023-06-15,25246,1
EMP-0352,Jorge,Gutiérrez,Desarrollador Junior,Ingeniería,2023-01-01,38101,2
EMP-0353,Juan,Sánchez,Arquitecto Cloud,Ingeniería,2022-09-05,67070,3
EMP-0354,Carmen,Díaz,Arquitecto Cloud,Ingeniería,2022-07-13,62939,3
EMP-0355,Juan,Álvarez,Especialista en Recursos Humanos,Recursos Humanos,2023-08-30,78490,4
EMP-0356,Lucía,Muñoz,Ingeniero DevOps,Ingeniería,2023-11-09,44069,2
EMP-0357,José,Alonso,Arquitecto Cloud,Ingeniería,2023-05-28,62232,3
EMP-0358,Sofía,Casanova,Desarrollador Senior,Ingeniería,2022-09-28,33520,1
EMP-0359,Carlos,Domínguez,Especialista en Refrigeración,Operaciones Verdes,2023-09-24,70008,3
EMP-0360,Alejandro,Casanova,Data Scientist,Ingeniería,2023-03-21,69121,3
EMP-0361,Alejandro,Al-Fayed,Técnico de Data Center,Operaciones Verdes,2023-08-16,46753,2
EMP-0362,Pablo,Romero,Ingeniero DevOps,Ingeniería,2022-09-13,56201,3
EMP-0363,David,Sánchez,Especialista en Marketing,Marketing,2022-07-18,53647,2
EMP-0364,Paula,Álvarez,Especialista en Ventas,Ventas,2023-04-01,28169,1
EMP-0365,Marta,Díaz,Especialista en Refrigeración,Operaciones Verdes,2023-12-18,59013,3
EMP-0366,Javier,Jiménez,Arquitecto Cloud,Ingeniería,2022-08-30,61036,3
EMP-0367,María,Díaz,Desarrollador Junior,Ingeniería,2024-03-15,32687,1
EMP-0368,Héctor,Hernández,Especialista en Legal,Legal,2024-03-25,39533,2
EMP-0369,Javier,Al-Fayed,Especialista en Soporte Técnico,Soporte Técnico,2023-12-25,66450,3
EMP-0370,Ana,Álvarez,Ingeniero de Eficiencia Energética,Operaciones Verdes,2024-04-23,66503,3
EMP-0371,Marcos,Jiménez,Especialista en Ventas,Ventas,2023-05-27,73269,3
EMP-0372,Cozy,Domínguez,Auditor Green Ops,Operaciones Verdes,2022-07-17,57980,3
EMP-0373,Héctor,Al-Fayed,Arquitecto Cloud,Ingeniería,2022-09-14,31132,1
EMP-0374,Tariq,López,Data Scientist,Ingeniería,2023-03-04,27501,1
EMP-0375,Javier,Llorens,Especialista en Ventas,Ventas,2024-04-03,61648,3
EMP-0376,David,Díaz,Especialista en Ventas,Ventas,2024-04-21,45817,2
EMP-0377,Alejandro,Álvarez,Data Scientist,Ingeniería,2022-11-21,26802,1
EMP-0378,Paula,Casanova,Ingeniero de Eficiencia Energética,Operaciones Verdes,2023-05-11,68076,3
EMP-0379,Elena,Navarro,Especialista en Marketing,Marketing,2022-06-26,61846,3
EMP-0380,Sergio,Hernández,Ingeniero DevOps,Ingeniería,2023-01-10,54487,2
EMP-0381,David,Al-Fayed,Ingeniero de Machine Learning,Ingeniería,2023-05-29,71018,3
EMP-0382,Paula,Ruiz,Especialista en Ventas,Ventas,2022-08-01,61122,3
EMP-0383,Alejandro,Martín,Desarrollador Senior,Ingeniería,2023-09-26,74269,3
EMP-0384,Sofía,Domínguez,Ingeniero DevOps,Ingeniería,2023-08-17,62970,3
EMP-0385,Laura,Navarro,Desarrollador Senior,Ingeniería,2022-04-15,41422,2
EMP-0386,Carlos,Sánchez,Especialista en Legal,Legal,2023-09-28,42733,2
EMP-0387,Paula,Martín,Especialista en Recursos Humanos,Recursos Humanos,2022-04-30,69710,3
EMP-0388,Alejandro,Alonso,Data Scientist,Ingeniería,2023-03-11,69422,3
EMP-0389,Tariq,Domínguez,Especialista en Ventas,Ventas,2023-07-24,58007,3
EMP-0390,Elena,Panda,Especialista en Soporte Técnico,Soporte Técnico,2023-07-13,59050,3
EMP-0391,Lucía,López,Ingeniero DevOps,Ingeniería,2023-09-28,51702,2
EMP-0392,Marcos,Muñoz,Especialista en Finanzas,Finanzas,2022-10-30,25021,1
EMP-0393,Paula,Al-Fayed,Ingeniero de Eficiencia Energética,Operaciones Verdes,2023-10-30,71319,3
EMP-0394,Isabel,García,Especialista en Marketing,Marketing,2022-10-06,26628,1
EMP-0395,Isabel,Llorens,Ingeniero DevOps,Ingeniería,2024-01-31,31785,1
EMP-0396,Sergio,Gómez,Auditor Green Ops,Operaciones Verdes,2023-05-13,52181,2
EMP-0397,Daniel,Casanova,Especialista en Ventas,Ventas,2023-07-08,58368,3
EMP-0398,Pablo,García,Auditor Green Ops,Operaciones Verdes,2023-03-13,26901,1
EMP-0399,Laura,Romero,Ingeniero de Machine Learning,Ingeniería,2023-11-06,72749,3
EMP-0400,Daniel,Jiménez,Especialista en Recursos Humanos,Recursos Humanos,2023-11-29,43646,2
EMP-0401,Carmen,Ruiz,Especialista en Recursos Humanos,Recursos Humanos,2024-01-04,38717,2
EMP-0402,Marta,Llorens,Especialista en Marketing,Marketing,2022-09-09,65755,3
EMP-0403,Daniel,Alonso,Especialista en Soporte Técnico,Soporte Técnico,2023-11-14,47191,2
EMP-0404,Laura,Muñoz,Especialista en Marketing,Marketing,2022-05-29,54482,2
EMP-0405,Laura,García,Ingeniero DevOps,Ingeniería,2023-12-04,42853,2
EMP-0406,Marcos,Navarro,Desarrollador Junior,Ingeniería,2022-08-01,50351,2
EMP-0407,Daniel,Hernández,Especialista en Recursos Humanos,Recursos Humanos,2022-05-16,39492,2
EMP-0408,Daniel,Martín,Desarrollador Senior,Ingeniería,2024-01-24,78522,4
EMP-0409,José,Hernández,Especialista en Recursos Humanos,Recursos Humanos,2023-07-16,52712,2
EMP-0410,Ana,Martín,Ingeniero DevOps,Ingeniería,2023-03-25,45783,2
EMP-0411,Daniel,Torres,Desarrollador Junior,Ingeniería,2023-07-08,42645,2
EMP-0412,Tariq,Romero,Ingeniero de Machine Learning,Ingeniería,2023-04-21,25158,1
EMP-0413,Héctor,Pérez,Arquitecto Cloud,Ingeniería,2023-10-17,51857,2
EMP-0414,Elena,Hernández,Especialista en Finanzas,Finanzas,2024-03-05,47097,2
EMP-0415,Sergio,Pérez,Especialista en Ventas,Ventas,2023-08-21,70096,3
EMP-0416,Elena,Díaz,Especialista en Ventas,Ventas,2024-04-28,47889,2
EMP-0417,Sergio,Domínguez,Desarrollador Senior,Ingeniería,2023-05-15,41861,2
EMP-0418,Carmen,Torres,Especialista en Soporte Técnico,Soporte Técnico,2023-10-06,73706,3
EMP-0419,Sergio,Gómez,Especialista en Legal,Legal,2023-10-08,64790,3
EMP-0420,Isabel,Casanova,Ingeniero DevOps,Ingeniería,2022-11-24,69690,3
EMP-0421,Cozy,Llorens,Especialista en Ventas,Ventas,2022-07-16,69867,3
EMP-0422,David,Navarro,Data Scientist,Ingeniería,2023-07-29,75063,4
EMP-0423,Ana,Al-Fayed,Desarrollador Senior,Ingeniería,2022-11-07,79911,4
EMP-0424,Héctor,Navarro,Especialista en Recursos Humanos,Recursos Humanos,2022-12-31,65490,3
EMP-0425,Elena,Casanova,Ingeniero DevOps,Ingeniería,2022-04-03,50885,2
EMP-0426,Héctor,Llorens,Especialista en Marketing,Marketing,2023-12-17,55162,3
EMP-0427,Cozy,Martínez,Especialista en Ventas,Ventas,2024-02-10,77800,4
EMP-0428,Sergio,Gutiérrez,Data Scientist,Ingeniería,2022-10-06,49127,2
EMP-0429,Elena,Álvarez,Especialista en Soporte Técnico,Soporte Técnico,2022-05-29,58071,3
EMP-0430,Laura,Domínguez,Técnico de Data Center,Operaciones Verdes,2022-08-23,64136,3
EMP-0431,David,Gómez,Especialista en Ventas,Ventas,2024-02-22,43284,2
EMP-0432,Isabel,Sánchez,Técnico de Data Center,Operaciones Verdes,2024-02-19,52919,2
EMP-0433,Carmen,Martín,Ingeniero de Machine Learning,Ingeniería,2022-09-16,49337,2
EMP-0434,Marta,Muñoz,Ingeniero DevOps,Ingeniería,2022-12-05,41226,2
EMP-0435,Tariq,Llorens,Especialista en Recursos Humanos,Recursos Humanos,2024-01-29,29792,1
EMP-0436,David,Hernández,Desarrollador Junior,Ingeniería,2023-07-15,75647,4
EMP-0437,Héctor,Muñoz,Técnico de Data Center,Operaciones Verdes,2022-08-24,67199,3
EMP-0438,Marta,Moreno,Especialista en Soporte Técnico,Soporte Técnico,2022-11-25,42519,2
EMP-0439,Alejandro,López,Ingeniero de Machine Learning,Ingeniería,2024-02-29,47074,2
EMP-0440,Isabel,Navarro,Arquitecto Cloud,Ingeniería,2022-05-27,66554,3
EMP-0441,Daniel,Moreno,Desarrollador Senior,Ingeniería,2023-01-07,45441,2
EMP-0442,Carmen,López,Ingeniero de Machine Learning,Ingeniería,2024-01-25,78688,4
EMP-0443,Cozy,Ruiz,Especialista en Legal,Legal,2023-07-19,30394,1
EMP-0444,Sergio,Martínez,Especialista en Finanzas,Finanzas,2023-03-19,29423,1
EMP-0445,Alejandro,Moreno,Desarrollador Senior,Ingeniería,2023-07-20,50523,2
EMP-0446,Laura,Pérez,Especialista en Legal,Legal,2022-05-26,75642,4
EMP-0447,Tariq,Alonso,Especialista en Soporte Técnico,Soporte Técnico,2023-08-22,39194,2
EMP-0448,Marta,Panda,Especialista en Recursos Humanos,Recursos Humanos,2024-02-10,73303,3
EMP-0449,Jorge,Pérez,Especialista en Finanzas,Finanzas,2024-01-13,71597,3
EMP-0450,Jorge,Navarro,Especialista en Marketing,Marketing,2022-10-13,72789,3
EMP-0451,Isabel,Panda,Especialista en Ventas,Ventas,2022-10-06,32526,1
EMP-0452,Juan,Navarro,Especialista en Marketing,Marketing,2022-05-19,76743,4
EMP-0453,Laura,Díaz,Desarrollador Junior,Ingeniería,2022-04-11,35894,2
EMP-0454,María,Martínez,Ingeniero DevOps,Ingeniería,2023-04-28,32122,1
EMP-0455,Elena,Gómez,Especialista en Refrigeración,Operaciones Verdes,2023-11-04,60075,3
EMP-0456,Jorge,Gutiérrez,Especialista en Ventas,Ventas,2023-07-26,55639,3
EMP-0457,Marta,Díaz,Especialista en Ventas,Ventas,2023-07-30,47667,2
EMP-0458,Ana,Martínez,Ingeniero de Machine Learning,Ingeniería,2022-08-21,41980,2
EMP-0459,Juan,Hernández,Especialista en Marketing,Marketing,2022-07-17,35170,2
EMP-0460,Sofía,Llorens,Especialista en Finanzas,Finanzas,2023-06-27,58586,3
EMP-0461,Laura,Martín,Especialista en Ventas,Ventas,2022-09-14,39269,2
EMP-0462,Carlos,Moreno,Desarrollador Senior,Ingeniería,2023-03-17,45072,2
EMP-0463,Pablo,Muñoz,Especialista en Legal,Legal,2022-08-25,73929,3
EMP-0464,Héctor,Martínez,Técnico de Data Center,Operaciones Verdes,2022-05-07,62819,3
EMP-0465,Marta,Ruiz,Especialista en Recursos Humanos,Recursos Humanos,2022-11-22,59160,3
EMP-0466,Lucía,Martín,Especialista en Finanzas,Finanzas,2023-06-22,34114,1
EMP-0467,Marcos,Martín,Arquitecto Cloud,Ingeniería,2023-04-22,33143,1
EMP-0468,Lucía,Navarro,Especialista en Finanzas,Finanzas,2023-08-17,50937,2
EMP-0469,Carlos,Díaz,Desarrollador Junior,Ingeniería,2023-11-07,31523,1
EMP-0470,Alejandro,Muñoz,Data Scientist,Ingeniería,2022-04-09,62400,3
EMP-0471,Laura,Moreno,Auditor Green Ops,Operaciones Verdes,2024-04-14,55681,3
EMP-0472,Carlos,García,Ingeniero DevOps,Ingeniería,2024-01-20,26259,1
EMP-0473,Laura,Moreno,Especialista en Refrigeración,Operaciones Verdes,2024-03-23,51510,2
EMP-0474,Cozy,Panda,Especialista en Finanzas,Finanzas,2022-08-05,29571,1
EMP-0475,Tariq,Casanova,Especialista en Ventas,Ventas,2022-06-19,25205,1
EMP-0476,Sofía,Muñoz,Arquitecto Cloud,Ingeniería,2022-04-25,60726,3
EMP-0477,Tariq,Ruiz,Técnico de Data Center,Operaciones Verdes,2022-09-07,67540,3
EMP-0478,Ana,Domínguez,Especialista en Soporte Técnico,Soporte Técnico,2024-03-27,43382,2
EMP-0479,Lucía,Alonso,Especialista en Ventas,Ventas,2024-04-06,29070,1
EMP-0480,Jorge,López,Especialista en Ventas,Ventas,2022-07-01,48075,2
EMP-0481,Tariq,Panda,Especialista en Finanzas,Finanzas,2024-03-15,45214,2
EMP-0482,Héctor,Martín,Auditor Green Ops,Operaciones Verdes,2023-01-26,35162,2
EMP-0483,Juan,Díaz,Técnico de Data Center,Operaciones Verdes,2022-10-08,65662,3
EMP-0484,Laura,Romero,Ingeniero de Eficiencia Energética,Operaciones Verdes,2023-07-04,71162,3
EMP-0485,Laura,Jiménez,Especialista en Ventas,Ventas,2023-03-05,40513,2
EMP-0486,Laura,Gutiérrez,Data Scientist,Ingeniería,2022-11-18,25769,1
EMP-0487,Lucía,Moreno,Data Scientist,Ingeniería,2023-10-31,53820,2
EMP-0488,Juan,Domínguez,Ingeniero de Eficiencia Energética,Operaciones Verdes,2023-02-14,69796,3
EMP-0489,Laura,Moreno,Especialista en Recursos Humanos,Recursos Humanos,2023-07-08,35442,2
EMP-0490,Sergio,Alonso,Especialista en Legal,Legal,2023-11-10,37645,2
EMP-0491,Alejandro,Llorens,Especialista en Ventas,Ventas,2022-10-30,55780,3
EMP-0492,Daniel,Panda,Especialista en Marketing,Marketing,2024-01-13,63204,3
EMP-0493,Carlos,Díaz,Especialista en Recursos Humanos,Recursos Humanos,2022-07-28,30809,1
EMP-0494,Pablo,Domínguez,Especialista en Ventas,Ventas,2022-09-21,47658,2
EMP-0495,Héctor,Gutiérrez,Especialista en Finanzas,Finanzas,2022-07-15,39535,2
EMP-0496,Héctor,Al-Fayed,Especialista en Finanzas,Finanzas,2022-06-28,39842,2
EMP-0497,Javier,Díaz,Arquitecto Cloud,Ingeniería,2023-10-01,29063,1
EMP-0498,Sofía,López,Ingeniero DevOps,Ingeniería,2022-09-29,50649,2
EMP-0499,Héctor,Domínguez,Especialista en Marketing,Marketing,2022-12-16,79068,4
EMP-0500,Juan,Panda,Arquitecto Cloud,Ingeniería,2023-04-26,74831,3
EMP-0501,Carmen,Ruiz,Desarrollador Junior,Ingeniería,2024-02-03,49495,2
EMP-0502,Paula,López,Especialista en Legal,Legal,2022-08-02,61492,3
EMP-0503,Tariq,Al-Fayed,Especialista en Refrigeración,Operaciones Verdes,2024-02-28,64220,3
EMP-0504,Sofía,Martín,Desarrollador Senior,Ingeniería,2024-01-07,52573,2
EMP-0505,Sergio,Al-Fayed,Técnico de Data Center,Operaciones Verdes,2022-10-26,27687,1
EMP-0506,Héctor,Al-Fayed,Especialista en Marketing,Marketing,2023-08-07,56885,3
EMP-0507,Sergio,Hernández,Data Scientist,Ingeniería,2023-08-30,56363,3
EMP-0508,Elena,Álvarez,Desarrollador Junior,Ingeniería,2024-04-05,73788,3
EMP-0509,José,Ruiz,Desarrollador Junior,Ingeniería,2024-03-04,72695,3
EMP-0510,Jorge,Sánchez,Auditor Green Ops,Operaciones Verdes,2022-06-16,29840,1
EMP-0511,Laura,Torres,Especialista en Soporte Técnico,Soporte Técnico,2023-06-06,76654,4
EMP-0512,Carlos,Muñoz,Ingeniero de Eficiencia Energética,Operaciones Verdes,2023-07-04,54225,2
EMP-0513,José,Domínguez,Especialista en Legal,Legal,2024-04-28,71227,3
EMP-0514,Cozy,Pérez,Desarrollador Senior,Ingeniería,2022-06-18,37321,2
EMP-0515,Cozy,Romero,Data Scientist,Ingeniería,2022-06-14,41524,2
EMP-0516,Sofía,Panda,Especialista en Finanzas,Finanzas,2023-02-24,56102,3
EMP-0517,Sergio,Pérez,Data Scientist,Ingeniería,2022-09-01,46327,2
EMP-0518,Carmen,Moreno,Desarrollador Junior,Ingeniería,2023-06-02,60773,3
EMP-0519,Carlos,Al-Fayed,Especialista en Soporte Técnico,Soporte Técnico,2023-08-25,41753,2
EMP-0520,Héctor,Romero,Ingeniero de Eficiencia Energética,Operaciones Verdes,2022-10-31,58363,3
EMP-0521,Elena,Ruiz,Especialista en Soporte Técnico,Soporte Técnico,2024-03-11,52725,2
EMP-0522,Marcos,Gómez,Especialista en Recursos Humanos,Recursos Humanos,2022-09-17,37767,2
EMP-0523,Alejandro,Navarro,Especialista en Ventas,Ventas,2022-09-11,28162,1
EMP-0524,David,Martínez,Especialista en Soporte Técnico,Soporte Técnico,2024-03-07,57498,3
EMP-0525,Cozy,Martín,Data Scientist,Ingeniería,2023-12-04,74929,3
EMP-0526,Lucía,Llorens,Especialista en Finanzas,Finanzas,2022-11-28,33521,1
EMP-0527,Elena,Gómez,Especialista en Finanzas,Finanzas,2022-11-25,55874,3
EMP-0528,José,Pérez,Especialista en Ventas,Ventas,2024-03-13,35714,2
EMP-0529,Marta,García,Especialista en Refrigeración,Operaciones Verdes,2023-02-13,39695,2
EMP-0530,Isabel,Jiménez,Especialista en Soporte Técnico,Soporte Técnico,2022-10-04,72857,3
EMP-0531,Paula,Jiménez,Especialista en Recursos Humanos,Recursos Humanos,2022-04-21,49971,2
EMP-0532,Carmen,Muñoz,Especialista en Soporte Técnico,Soporte Técnico,2022-07-31,44481,2
EMP-0533,Héctor,Llorens,Especialista en Ventas,Ventas,2023-01-16,65583,3
EMP-0534,Isabel,Muñoz,Especialista en Recursos Humanos,Recursos Humanos,2023-12-06,56256,3
EMP-0535,David,Casanova,Especialista en Marketing,Marketing,2022-12-31,54465,2
EMP-0536,María,Llorens,Especialista en Soporte Técnico,Soporte Técnico,2022-12-05,35260,2
EMP-0537,Cozy,Jiménez,Especialista en Finanzas,Finanzas,2022-11-09,68666,3
EMP-0538,Juan,Panda,Desarrollador Senior,Ingeniería,2024-03-01,30541,1
EMP-0539,Paula,Martínez,Arquitecto Cloud,Ingeniería,2023-05-12,33985,1
EMP-0540,Carlos,Moreno,Ingeniero DevOps,Ingeniería,2023-03-28,31592,1
EMP-0541,Lucía,Ruiz,Técnico de Data Center,Operaciones Verdes,2023-11-19,33229,1
EMP-0542,Pablo,Casanova,Especialista en Ventas,Ventas,2022-04-04,62057,3
EMP-0543,María,Martín,Técnico de Data Center,Operaciones Verdes,2022-08-19,68130,3
EMP-0544,Carlos,Hernández,Especialista en Ventas,Ventas,2022-11-11,60218,3
EMP-0545,Héctor,Gutiérrez,Especialista en Soporte Técnico,Soporte Técnico,2024-02-11,75898,4
EMP-0546,Ana,Romero,Desarrollador Senior,Ingeniería,2024-03-06,70277,3
EMP-0547,Isabel,Domínguez,Auditor Green Ops,Operaciones Verdes,2024-03-23,62821,3
EMP-0548,Elena,Llorens,Especialista en Refrigeración,Operaciones Verdes,2023-01-13,41194,2
EMP-0549,Paula,Casanova,Especialista en Refrigeración,Operaciones Verdes,2023-05-30,73983,3
EMP-0550,Marcos,López,Especialista en Ventas,Ventas,2023-12-05,34780,1
EMP-0551,Marta,Díaz,Data Scientist,Ingeniería,2024-04-16,50583,2
EMP-0552,Marcos,Gómez,Especialista en Recursos Humanos,Recursos Humanos,2024-04-24,45812,2
EMP-0553,José,Casanova,Especialista en Ventas,Ventas,2023-04-27,33257,1
EMP-0554,Elena,Romero,Especialista en Ventas,Ventas,2023-01-05,75678,4
EMP-0555,Carlos,Torres,Especialista en Legal,Legal,2022-11-22,72869,3
EMP-0556,Ana,Ruiz,Data Scientist,Ingeniería,2023-01-22,77614,4
EMP-0557,Ana,Moreno,Especialista en Finanzas,Finanzas,2022-07-14,30251,1
EMP-0558,Carlos,Llorens,Especialista en Recursos Humanos,Recursos Humanos,2023-08-08,49988,2
EMP-0559,Jorge,Alonso,Especialista en Refrigeración,Operaciones Verdes,2022-07-13,41735,2
EMP-0560,Cozy,Alonso,Ingeniero DevOps,Ingeniería,2023-12-10,68936,3
EMP-0561,Isabel,Díaz,Especialista en Soporte Técnico,Soporte Técnico,2023-05-25,74229,3
EMP-0562,María,Álvarez,Técnico de Data Center,Operaciones Verdes,2023-06-26,25616,1
EMP-0563,Daniel,Muñoz,Auditor Green Ops,Operaciones Verdes,2022-12-22,44919,2
EMP-0564,Jorge,Navarro,Especialista en Soporte Técnico,Soporte Técnico,2022-04-03,54487,2
EMP-0565,Carmen,Al-Fayed,Especialista en Ventas,Ventas,2022-10-16,30109,1
EMP-0566,Héctor,Llorens,Especialista en Legal,Legal,2022-09-18,43703,2
EMP-0567,Sofía,Jiménez,Desarrollador Junior,Ingeniería,2022-06-15,71973,3
EMP-0568,Ana,Muñoz,Especialista en Soporte Técnico,Soporte Técnico,2022-12-25,43239,2
EMP-0569,Jorge,Casanova,Arquitecto Cloud,Ingeniería,2023-05-04,40499,2
EMP-0570,Sofía,Hernández,Especialista en Soporte Técnico,Soporte Técnico,2023-04-20,75165,4
EMP-0571,Lucía,Martínez,Desarrollador Senior,Ingeniería,2024-04-11,53835,2
EMP-0572,Pablo,Gutiérrez,Desarrollador Junior,Ingeniería,2022-05-24,65371,3
EMP-0573,José,Jiménez,Especialista en Ventas,Ventas,2022-06-10,34127,1
EMP-0574,Ana,Casanova,Especialista en Ventas,Ventas,2024-01-01,54156,2
EMP-0575,Jorge,Casanova,Arquitecto Cloud,Ingeniería,2022-09-10,26153,1
EMP-0576,Daniel,Díaz,Especialista en Recursos Humanos,Recursos Humanos,2023-03-23,70494,3
EMP-0577,Carlos,Casanova,Desarrollador Senior,Ingeniería,2023-01-23,49632,2
EMP-0578,Marta,Muñoz,Arquitecto Cloud,Ingeniería,2023-04-27,32741,1
EMP-0579,Tariq,Álvarez,Especialista en Ventas,Ventas,2024-04-23,67634,3
EMP-0580,Carlos,Martín,Especialista en Refrigeración,Operaciones Verdes,2024-02-24,75937,4
EMP-0581,Jorge,Gómez,Especialista en Soporte Técnico,Soporte Técnico,2022-09-24,65125,3
EMP-0582,Javier,Domínguez,Especialista en Marketing,Marketing,2023-07-18,41373,2
EMP-0583,Lucía,Casanova,Especialista en Ventas,Ventas,2023-11-28,45948,2
EMP-0584,Pablo,Pérez,Especialista en Recursos Humanos,Recursos Humanos,2022-12-27,33371,1
EMP-0585,Sofía,Ruiz,Data Scientist,Ingeniería,2023-06-11,30926,1
EMP-0586,Sofía,Hernández,Especialista en Marketing,Marketing,2023-09-07,43776,2
EMP-0587,María,Pérez,Ingeniero de Machine Learning,Ingeniería,2022-10-09,27578,1
EMP-0588,Jorge,Alonso,Especialista en Refrigeración,Operaciones Verdes,2022-07-05,61038,3
EMP-0589,Marta,López,Especialista en Finanzas,Finanzas,2023-05-21,79708,4
EMP-0590,Carmen,Romero,Técnico de Data Center,Operaciones Verdes,2024-01-18,67091,3
EMP-0591,José,Pérez,Desarrollador Senior,Ingeniería,2023-11-28,65148,3
EMP-0592,Carmen,Gómez,Ingeniero de Machine Learning,Ingeniería,2024-02-18,25638,1
EMP-0593,Laura,Gutiérrez,Especialista en Recursos Humanos,Recursos Humanos,2023-08-25,64728,3
EMP-0594,Paula,Jiménez,Especialista en Ventas,Ventas,2023-05-17,53131,2
EMP-0595,Pablo,Díaz,Especialista en Soporte Técnico,Soporte Técnico,2022-05-11,76149,4
EMP-0596,Marcos,Hernández,Ingeniero de Machine Learning,Ingeniería,2023-12-07,70927,3
EMP-0597,Laura,Moreno,Especialista en Finanzas,Finanzas,2023-02-21,47467,2
EMP-0598,Juan,Muñoz,Especialista en Soporte Técnico,Soporte Técnico,2023-12-28,35461,2
EMP-0599,Ana,Navarro,Especialista en Soporte Técnico,Soporte Técnico,2022-12-21,74379,3
EMP-0600,Alejandro,Gómez,Especialista en Soporte Técnico,Soporte Técnico,2022-12-29,40458,2
EMP-0601,Marta,Pérez,Ingeniero de Machine Learning,Ingeniería,2023-08-01,27219,1
EMP-0602,Sergio,Martín,Especialista en Soporte Técnico,Soporte Técnico,2024-04-17,27872,1
EMP-0603,Marta,Jiménez,Técnico de Data Center,Operaciones Verdes,2022-09-02,65142,3
EMP-0604,Paula,Muñoz,Ingeniero de Eficiencia Energética,Operaciones Verdes,2023-02-12,55102,3
EMP-0605,Daniel,Casanova,Auditor Green Ops,Operaciones Verdes,2023-03-11,49896,2
EMP-0606,Juan,Torres,Especialista en Refrigeración,Operaciones Verdes,2022-12-18,25687,1
EMP-0607,Jorge,Panda,Ingeniero de Machine Learning,Ingeniería,2023-02-20,74730,3
EMP-0608,Sofía,Moreno,Especialista en Soporte Técnico,Soporte Técnico,2022-09-18,27806,1
EMP-0609,Cozy,Martínez,Técnico de Data Center,Operaciones Verdes,2023-12-31,62734,3
EMP-0610,Juan,Pérez,Especialista en Finanzas,Finanzas,2022-05-02,41537,2
EMP-0611,Jorge,Ruiz,Especialista en Soporte Técnico,Soporte Técnico,2023-08-15,45596,2
EMP-0612,Elena,Martín,Especialista en Recursos Humanos,Recursos Humanos,2022-09-06,64466,3
EMP-0613,Lucía,Domínguez,Ingeniero de Machine Learning,Ingeniería,2023-04-14,38056,2
EMP-0614,Isabel,García,Especialista en Refrigeración,Operaciones Verdes,2024-01-01,79314,4
EMP-0615,Alejandro,Torres,Especialista en Marketing,Marketing,2024-02-05,57224,3
EMP-0616,Carlos,Sánchez,Data Scientist,Ingeniería,2022-05-01,33258,1
EMP-0617,David,Navarro,Especialista en Soporte Técnico,Soporte Técnico,2023-11-29,71783,3
EMP-0618,Paula,Navarro,Data Scientist,Ingeniería,2024-02-13,74683,3
EMP-0619,David,Domínguez,Ingeniero de Eficiencia Energética,Operaciones Verdes,2024-04-26,63541,3
EMP-0620,Isabel,Alonso,Especialista en Ventas,Ventas,2023-03-26,43659,2
EMP-0621,Carmen,Alonso,Técnico de Data Center,Operaciones Verdes,2023-08-30,60093,3
EMP-0622,Javier,Gómez,Auditor Green Ops,Operaciones Verdes,2022-07-29,66308,3
EMP-0623,Lucía,Martín,Especialista en Refrigeración,Operaciones Verdes,2023-06-05,56899,3
EMP-0624,Juan,Moreno,Arquitecto Cloud,Ingeniería,2023-03-27,32417,1
EMP-0625,Carlos,Gutiérrez,Especialista en Ventas,Ventas,2022-07-19,33222,1
EMP-0626,Sergio,Sánchez,Ingeniero DevOps,Ingeniería,2023-11-09,59245,3
EMP-0627,Pablo,Torres,Especialista en Soporte Técnico,Soporte Técnico,2023-01-08,35816,2
EMP-0628,Pablo,López,Especialista en Ventas,Ventas,2023-05-12,59610,3
EMP-0629,Pablo,Domínguez,Data Scientist,Ingeniería,2022-06-29,35693,2
EMP-0630,David,Pérez,Desarrollador Senior,Ingeniería,2023-02-27,38225,2
EMP-0631,Paula,Pérez,Especialista en Recursos Humanos,Recursos Humanos,2022-09-09,73482,3
EMP-0632,Tariq,Jiménez,Ingeniero de Eficiencia Energética,Operaciones Verdes,2023-04-02,52428,2
EMP-0633,Tariq,Romero,Especialista en Soporte Técnico,Soporte Técnico,2023-08-11,57518,3
EMP-0634,Sergio,López,Desarrollador Junior,Ingeniería,2023-10-24,71924,3
EMP-0635,Daniel,Pérez,Ingeniero DevOps,Ingeniería,2024-02-25,78950,4
EMP-0636,Daniel,Torres,Especialista en Ventas,Ventas,2022-10-11,74986,3
EMP-0637,Sofía,Navarro,Especialista en Refrigeración,Operaciones Verdes,2023-07-11,69573,3
EMP-0638,Marcos,Gómez,Especialista en Legal,Legal,2023-11-13,50582,2
EMP-0639,Ana,Hernández,Especialista en Marketing,Marketing,2023-04-10,45339,2
EMP-0640,Daniel,Panda,Ingeniero de Machine Learning,Ingeniería,2023-07-15,67358,3
EMP-0641,Paula,Álvarez,Auditor Green Ops,Operaciones Verdes,2023-12-24,45647,2
EMP-0642,Jorge,Gómez,Desarrollador Junior,Ingeniería,2023-04-14,48807,2
EMP-0643,María,Casanova,Auditor Green Ops,Operaciones Verdes,2023-12-15,32362,1
EMP-0644,Daniel,Martínez,Desarrollador Junior,Ingeniería,2023-12-03,78524,4
EMP-0645,Tariq,Domínguez,Desarrollador Junior,Ingeniería,2022-12-27,78519,4
EMP-0646,Lucía,Martínez,Especialista en Legal,Legal,2022-11-30,32394,1
EMP-0647,Sofía,Llorens,Ingeniero DevOps,Ingeniería,2024-02-03,72166,3
EMP-0648,Ana,Hernández,Especialista en Marketing,Marketing,2022-08-20,65862,3
EMP-0649,Tariq,Torres,Desarrollador Senior,Ingeniería,2023-10-15,43832,2
EMP-0650,Laura,Muñoz,Especialista en Finanzas,Finanzas,2023-01-08,63320,3
EMP-0651,David,Pérez,Especialista en Marketing,Marketing,2022-12-05,34803,1
EMP-0652,Javier,Al-Fayed,Desarrollador Senior,Ingeniería,2024-03-02,28856,1
EMP-0653,Marcos,Pérez,Desarrollador Junior,Ingeniería,2022-10-15,41684,2
EMP-0654,Marta,Domínguez,Especialista en Soporte Técnico,Soporte Técnico,2023-05-20,46110,2
EMP-0655,Ana,Martínez,Especialista en Ventas,Ventas,2022-12-16,29256,1
EMP-0656,Paula,Llorens,Ingeniero de Machine Learning,Ingeniería,2022-05-14,49308,2
EMP-0657,José,Gómez,Ingeniero DevOps,Ingeniería,2022-11-17,76073,4
EMP-0658,Carmen,Ruiz,Técnico de Data Center,Operaciones Verdes,2023-09-12,78654,4
EMP-0659,José,Gutiérrez,Arquitecto Cloud,Ingeniería,2022-10-23,33873,1
EMP-0660,José,Al-Fayed,Ingeniero de Eficiencia Energética,Operaciones Verdes,2023-05-15,62637,3
EMP-0661,Carmen,Muñoz,Ingeniero DevOps,Ingeniería,2024-02-09,30911,1
EMP-0662,Sofía,López,Ingeniero DevOps,Ingeniería,2024-01-18,43417,2
EMP-0663,Laura,Navarro,Ingeniero DevOps,Ingeniería,2023-08-25,25723,1
EMP-0664,Carlos,Díaz,Auditor Green Ops,Operaciones Verdes,2023-04-25,43120,2
EMP-0665,Alejandro,Domínguez,Especialista en Legal,Legal,2022-08-26,52571,2
EMP-0666,Ana,Martínez,Especialista en Refrigeración,Operaciones Verdes,2023-09-20,54812,2
EMP-0667,Sofía,García,Especialista en Legal,Legal,2024-03-19,40642,2
EMP-0668,Elena,Pérez,Técnico de Data Center,Operaciones Verdes,2022-11-26,39297,2
EMP-0669,Juan,Martínez,Especialista en Marketing,Marketing,2022-09-04,62461,3
EMP-0670,Javier,López,Ingeniero de Eficiencia Energética,Operaciones Verdes,2023-11-06,68579,3
EMP-0671,Javier,Jiménez,Especialista en Recursos Humanos,Recursos Humanos,2022-05-31,49230,2
EMP-0672,Alejandro,Casanova,Especialista en Ventas,Ventas,2022-06-08,51028,2
EMP-0673,José,Muñoz,Auditor Green Ops,Operaciones Verdes,2023-01-26,28235,1
EMP-0674,Isabel,Domínguez,Especialista en Refrigeración,Operaciones Verdes,2023-12-04,73564,3
EMP-0675,Pablo,López,Especialista en Ventas,Ventas,2023-03-14,75570,4
EMP-0676,Tariq,Pérez,Especialista en Finanzas,Finanzas,2023-06-09,77439,4
EMP-0677,Pablo,Muñoz,Especialista en Ventas,Ventas,2023-09-21,65102,3
EMP-0678,Marcos,Ruiz,Desarrollador Junior,Ingeniería,2022-06-17,62999,3
EMP-0679,Ana,Torres,Desarrollador Junior,Ingeniería,2022-12-02,44164,2
EMP-0680,Carlos,Pérez,Ingeniero de Machine Learning,Ingeniería,2022-12-22,32102,1
EMP-0681,Daniel,Sánchez,Especialista en Legal,Legal,2023-11-09,42936,2
EMP-0682,Laura,Martínez,Especialista en Legal,Legal,2023-02-24,56233,3
EMP-0683,Cozy,Llorens,Desarrollador Junior,Ingeniería,2022-10-08,54160,2
EMP-0684,Juan,Sánchez,Especialista en Finanzas,Finanzas,2022-06-04,68596,3
EMP-0685,Isabel,Romero,Ingeniero de Machine Learning,Ingeniería,2024-04-25,28639,1
EMP-0686,Daniel,Sánchez,Arquitecto Cloud,Ingeniería,2023-07-04,78462,4
EMP-0687,Marcos,García,Desarrollador Senior,Ingeniería,2023-05-10,43989,2
EMP-0688,Marta,Sánchez,Especialista en Recursos Humanos,Recursos Humanos,2023-01-02,79516,4
EMP-0689,Juan,Pérez,Desarrollador Junior,Ingeniería,2022-04-13,66164,3
EMP-0690,Sofía,Díaz,Especialista en Soporte Técnico,Soporte Técnico,2023-11-29,51108,2
EMP-0691,Tariq,Jiménez,Especialista en Soporte Técnico,Soporte Técnico,2022-04-17,66241,3
EMP-0692,Lucía,García,Especialista en Legal,Legal,2022-11-09,73257,3
EMP-0693,Lucía,Díaz,Especialista en Soporte Técnico,Soporte Técnico,2023-12-31,56070,3
EMP-0694,Paula,Casanova,Especialista en Recursos Humanos,Recursos Humanos,2022-10-19,39572,2
EMP-0695,Jorge,Álvarez,Especialista en Soporte Técnico,Soporte Técnico,2024-01-18,33970,1
EMP-0696,Jorge,Martínez,Especialista en Ventas,Ventas,2023-10-12,38789,2
EMP-0697,David,Llorens,Ingeniero de Machine Learning,Ingeniería,2023-09-21,57410,3
EMP-0698,Paula,Gómez,Especialista en Refrigeración,Operaciones Verdes,2022-12-27,34370,1
EMP-0699,Marcos,López,Ingeniero DevOps,Ingeniería,2023-01-07,61650,3
EMP-0700,Carmen,Casanova,Ingeniero DevOps,Ingeniería,2023-12-15,32540,1
EMP-0701,Elena,Ruiz,Data Scientist,Ingeniería,2023-02-25,77880,4
EMP-0702,Marcos,Alonso,Ingeniero de Eficiencia Energética,Operaciones Verdes,2023-04-24,56761,3
EMP-0703,Jorge,Moreno,Especialista en Refrigeración,Operaciones Verdes,2024-04-26,78579,4
EMP-0704,Javier,Jiménez,Especialista en Marketing,Marketing,2023-08-15,68909,3
EMP-0705,Héctor,Romero,Desarrollador Junior,Ingeniería,2023-02-19,55690,3
EMP-0706,Isabel,Panda,Data Scientist,Ingeniería,2023-12-10,53562,2
EMP-0707,Marcos,Martín,Desarrollador Junior,Ingeniería,2022-07-31,46653,2
EMP-0708,Paula,Moreno,Especialista en Ventas,Ventas,2023-06-05,41296,2
EMP-0709,Carlos,Martínez,Especialista en Recursos Humanos,Recursos Humanos,2023-07-12,32426,1
EMP-0710,Daniel,García,Especialista en Soporte Técnico,Soporte Técnico,2023-08-28,60337,3
EMP-0711,Laura,Domínguez,Especialista en Ventas,Ventas,2022-08-08,70142,3
EMP-0712,Alejandro,Romero,Especialista en Refrigeración,Operaciones Verdes,2024-04-29,30366,1
EMP-0713,Paula,Domínguez,Especialista en Marketing,Marketing,2024-04-12,54729,2
EMP-0714,David,Ruiz,Especialista en Soporte Técnico,Soporte Técnico,2024-01-22,25387,1
EMP-0715,Elena,Gómez,Desarrollador Junior,Ingeniería,2022-06-02,61324,3
EMP-0716,Pablo,Díaz,Especialista en Soporte Técnico,Soporte Técnico,2022-10-05,45284,2
EMP-0717,Daniel,Al-Fayed,Auditor Green Ops,Operaciones Verdes,2022-08-10,62455,3
EMP-0718,José,Martín,Ingeniero DevOps,Ingeniería,2022-12-17,71737,3
EMP-0719,Sofía,Torres,Data Scientist,Ingeniería,2023-01-03,41543,2
EMP-0720,Sofía,Llorens,Especialista en Marketing,Marketing,2024-04-20,76995,4
EMP-0721,Isabel,Navarro,Ingeniero de Eficiencia Energética,Operaciones Verdes,2023-05-01,36575,2
EMP-0722,Laura,Llorens,Data Scientist,Ingeniería,2022-08-17,31892,1
EMP-0723,Marcos,Moreno,Especialista en Ventas,Ventas,2022-08-14,40795,2
EMP-0724,Juan,Torres,Data Scientist,Ingeniería,2022-12-03,57800,3
EMP-0725,David,Hernández,Ingeniero de Eficiencia Energética,Operaciones Verdes,2022-08-21,36319,2
EMP-0726,Daniel,Díaz,Especialista en Ventas,Ventas,2023-01-31,53981,2
EMP-0727,Carmen,Sánchez,Especialista en Refrigeración,Operaciones Verdes,2022-04-13,51339,2
EMP-0728,Carlos,Díaz,Desarrollador Junior,Ingeniería,2022-05-24,49841,2
EMP-0729,Sergio,Díaz,Especialista en Finanzas,Finanzas,2022-05-02,26729,1
EMP-0730,Paula,Ruiz,Especialista en Ventas,Ventas,2024-01-11,67409,3
EMP-0731,Pablo,Torres,Especialista en Soporte Técnico,Soporte Técnico,2024-04-01,45503,2
EMP-0732,Sofía,Jiménez,Desarrollador Senior,Ingeniería,2024-02-06,40842,2
EMP-0733,Laura,Domínguez,Especialista en Ventas,Ventas,2023-09-10,39836,2
EMP-0734,Héctor,Al-Fayed,Técnico de Data Center,Operaciones Verdes,2023-05-25,68727,3
EMP-0735,Jorge,Panda,Desarrollador Senior,Ingeniería,2023-11-28,65030,3
EMP-0736,Marta,Martínez,Desarrollador Junior,Ingeniería,2023-12-19,29129,1
EMP-0737,Elena,Panda,Especialista en Legal,Legal,2023-06-14,78819,4
EMP-0738,Carlos,Álvarez,Especialista en Legal,Legal,2023-03-05,61002,3
EMP-0739,Ana,Moreno,Auditor Green Ops,Operaciones Verdes,2024-04-14,38624,2
EMP-0740,Alejandro,García,Técnico de Data Center,Operaciones Verdes,2022-12-29,72073,3
EMP-0741,David,Gutiérrez,Desarrollador Junior,Ingeniería,2023-07-24,36372,2
EMP-0742,Sergio,Sánchez,Ingeniero de Machine Learning,Ingeniería,2022-06-22,76417,4
EMP-0743,Jorge,Llorens,Arquitecto Cloud,Ingeniería,2023-12-22,47366,2
EMP-0744,Alejandro,Gutiérrez,Arquitecto Cloud,Ingeniería,2023-07-06,33706,1
EMP-0745,Elena,López,Especialista en Ventas,Ventas,2024-03-17,52333,2
EMP-0746,Laura,Casanova,Especialista en Recursos Humanos,Recursos Humanos,2023-09-10,47707,2
EMP-0747,Laura,Álvarez,Desarrollador Junior,Ingeniería,2023-05-04,65945,3
EMP-0748,Tariq,Domínguez,Especialista en Legal,Legal,2022-06-07,75791,4
EMP-0749,Elena,Romero,Especialista en Ventas,Ventas,2024-02-07,55717,3
EMP-0750,José,Jiménez,Especialista en Soporte Técnico,Soporte Técnico,2024-02-08,79635,4
EMP-0751,Marcos,Gutiérrez,Data Scientist,Ingeniería,2022-04-26,38566,2
EMP-0752,Daniel,Torres,Ingeniero DevOps,Ingeniería,2024-02-29,27978,1
EMP-0753,Daniel,Domínguez,Especialista en Marketing,Marketing,2023-10-21,67712,3
EMP-0754,Ana,Martínez,Especialista en Finanzas,Finanzas,2023-08-01,75068,4
EMP-0755,Marta,Díaz,Especialista en Legal,Legal,2023-12-28,36729,2
EMP-0756,Laura,Domínguez,Desarrollador Junior,Ingeniería,2022-07-27,31560,1
EMP-0757,Carlos,Sánchez,Especialista en Ventas,Ventas,2023-02-25,75198,4
EMP-0758,Elena,Muñoz,Ingeniero DevOps,Ingeniería,2023-06-20,57419,3
EMP-0759,Marta,Martínez,Especialista en Refrigeración,Operaciones Verdes,2023-08-01,37263,2
EMP-0760,Daniel,Al-Fayed,Ingeniero DevOps,Ingeniería,2023-06-13,76306,4
EMP-0761,Juan,Martín,Especialista en Soporte Técnico,Soporte Técnico,2022-04-14,31572,1
EMP-0762,Lucía,Álvarez,Auditor Green Ops,Operaciones Verdes,2023-09-20,44542,2
EMP-0763,Carlos,López,Especialista en Marketing,Marketing,2022-09-07,41641,2
EMP-0764,José,Pérez,Especialista en Ventas,Ventas,2023-01-07,54484,2
EMP-0765,Sergio,Panda,Especialista en Soporte Técnico,Soporte Técnico,2022-04-29,70564,3
EMP-0766,Sofía,Ruiz,Arquitecto Cloud,Ingeniería,2023-05-28,77276,4
EMP-0767,Jorge,Gómez,Desarrollador Senior,Ingeniería,2022-06-14,70959,3
EMP-0768,Cozy,Navarro,Ingeniero de Machine Learning,Ingeniería,2023-04-10,53803,2
EMP-0769,Lucía,Álvarez,Ingeniero de Eficiencia Energética,Operaciones Verdes,2022-04-24,76857,4
EMP-0770,María,Díaz,Especialista en Ventas,Ventas,2023-11-09,68224,3
EMP-0771,Juan,García,Ingeniero de Machine Learning,Ingeniería,2022-04-22,33909,1
EMP-0772,Lucía,Romero,Especialista en Refrigeración,Operaciones Verdes,2023-01-22,26048,1
EMP-0773,Alejandro,Al-Fayed,Especialista en Marketing,Marketing,2023-01-25,47399,2
EMP-0774,Cozy,Casanova,Especialista en Recursos Humanos,Recursos Humanos,2024-03-12,51070,2
EMP-0775,Isabel,Ruiz,Ingeniero de Eficiencia Energética,Operaciones Verdes,2022-04-29,27361,1
EMP-0776,Carmen,Álvarez,Especialista en Ventas,Ventas,2022-08-04,58165,3
EMP-0777,Juan,Gómez,Especialista en Soporte Técnico,Soporte Técnico,2023-03-17,51635,2
EMP-0778,Jorge,García,Especialista en Recursos Humanos,Recursos Humanos,2023-12-08,42273,2
EMP-0779,Marcos,Muñoz,Especialista en Marketing,Marketing,2023-12-11,59173,3
EMP-0780,Marta,Alonso,Ingeniero DevOps,Ingeniería,2022-12-04,62429,3
EMP-0781,Sofía,Sánchez,Desarrollador Senior,Ingeniería,2023-01-31,64648,3
EMP-0782,Pablo,Romero,Desarrollador Senior,Ingeniería,2024-04-19,55622,3
EMP-0783,Jorge,Gómez,Especialista en Soporte Técnico,Soporte Técnico,2023-01-03,35959,2
EMP-0784,Tariq,Muñoz,Especialista en Soporte Técnico,Soporte Técnico,2023-07-19,29757,1
EMP-0785,Javier,Gómez,Ingeniero de Machine Learning,Ingeniería,2023-09-23,37298,2
EMP-0786,Héctor,Jiménez,Ingeniero de Eficiencia Energética,Operaciones Verdes,2023-12-14,26975,1
EMP-0787,Jorge,Domínguez,Ingeniero DevOps,Ingeniería,2022-10-07,53194,2
EMP-0788,Marta,Hernández,Ingeniero de Machine Learning,Ingeniería,2023-10-19,75094,4
EMP-0789,Marcos,Al-Fayed,Especialista en Legal,Legal,2023-12-04,30804,1
EMP-0790,Lucía,Alonso,Especialista en Ventas,Ventas,2022-06-25,62172,3
EMP-0791,Sofía,López,Desarrollador Senior,Ingeniería,2022-05-26,56002,3
EMP-0792,Lucía,Domínguez,Arquitecto Cloud,Ingeniería,2023-02-06,60291,3
EMP-0793,Héctor,Alonso,Especialista en Marketing,Marketing,2023-12-07,51534,2
EMP-0794,Lucía,Panda,Especialista en Legal,Legal,2024-04-20,61313,3
EMP-0795,Cozy,Ruiz,Ingeniero DevOps,Ingeniería,2024-01-25,52563,2
EMP-0796,Laura,Gómez,Especialista en Soporte Técnico,Soporte Técnico,2023-09-10,62204,3
EMP-0797,Pablo,Ruiz,Especialista en Refrigeración,Operaciones Verdes,2022-07-08,46516,2
EMP-0798,Ana,Díaz,Especialista en Ventas,Ventas,2023-04-19,25471,1
EMP-0799,Carmen,Gutiérrez,Especialista en Ventas,Ventas,2023-07-09,50430,2
EMP-0800,Sergio,Álvarez,Especialista en Ventas,Ventas,2024-02-27,40744,2
EMP-0801,José,Ruiz,Especialista en Ventas,Ventas,2023-04-06,47892,2
EMP-0802,Marcos,Romero,Especialista en Soporte Técnico,Soporte Técnico,2023-04-22,60128,3
EMP-0803,Paula,López,Especialista en Recursos Humanos,Recursos Humanos,2022-10-18,62432,3
EMP-0804,Héctor,Muñoz,Especialista en Ventas,Ventas,2022-11-01,27529,1
EMP-0805,Héctor,Álvarez,Especialista en Recursos Humanos,Recursos Humanos,2022-10-01,39481,2
EMP-0806,Laura,Martínez,Desarrollador Senior,Ingeniería,2022-11-17,49224,2
EMP-0807,Lucía,Muñoz,Ingeniero DevOps,Ingeniería,2022-06-02,53539,2
EMP-0808,Héctor,Sánchez,Especialista en Ventas,Ventas,2024-03-08,39725,2
EMP-0809,Sofía,Sánchez,Especialista en Recursos Humanos,Recursos Humanos,2023-02-08,41638,2
EMP-0810,Marta,Llorens,Desarrollador Senior,Ingeniería,2022-08-02,72921,3
EMP-0811,Elena,Ruiz,Desarrollador Senior,Ingeniería,2022-07-16,54110,2
EMP-0812,Laura,Romero,Especialista en Recursos Humanos,Recursos Humanos,2023-02-16,62277,3
EMP-0813,Marta,Romero,Ingeniero DevOps,Ingeniería,2023-05-21,36395,2
EMP-0814,Carmen,Casanova,Técnico de Data Center,Operaciones Verdes,2022-12-29,74220,3
EMP-0815,Javier,Díaz,Especialista en Marketing,Marketing,2022-12-15,61347,3
EMP-0816,Elena,Jiménez,Técnico de Data Center,Operaciones Verdes,2023-02-21,79731,4
EMP-0817,Isabel,Panda,Especialista en Ventas,Ventas,2022-08-20,49768,2
EMP-0818,Laura,Álvarez,Especialista en Marketing,Marketing,2023-04-07,38195,2
EMP-0819,Marcos,Muñoz,Data Scientist,Ingeniería,2023-03-18,31486,1
EMP-0820,Daniel,Romero,Desarrollador Junior,Ingeniería,2022-05-09,30271,1
EMP-0821,Sergio,Ruiz,Data Scientist,Ingeniería,2022-10-20,38930,2
EMP-0822,Lucía,Muñoz,Desarrollador Junior,Ingeniería,2022-07-14,76244,4
EMP-0823,Marcos,Pérez,Ingeniero de Machine Learning,Ingeniería,2023-06-28,51298,2
EMP-0824,David,Navarro,Data Scientist,Ingeniería,2023-09-26,76537,4
EMP-0825,Sergio,Álvarez,Ingeniero DevOps,Ingeniería,2023-10-16,60559,3
EMP-0826,Sergio,Sánchez,Desarrollador Senior,Ingeniería,2024-02-13,33375,1
EMP-0827,Tariq,Domínguez,Desarrollador Senior,Ingeniería,2022-07-22,43198,2
EMP-0828,Juan,Alonso,Especialista en Soporte Técnico,Soporte Técnico,2022-09-19,50565,2
EMP-0829,Alejandro,Torres,Ingeniero de Machine Learning,Ingeniería,2022-04-10,31778,1
EMP-0830,Marcos,Moreno,Técnico de Data Center,Operaciones Verdes,2022-10-21,67860,3
EMP-0831,Sergio,Alonso,Especialista en Soporte Técnico,Soporte Técnico,2022-11-01,43593,2
EMP-0832,Marta,Llorens,Ingeniero DevOps,Ingeniería,2023-09-29,46581,2
EMP-0833,Marcos,Navarro,Desarrollador Junior,Ingeniería,2024-01-19,48860,2
EMP-0834,Tariq,Pérez,Especialista en Marketing,Marketing,2022-04-13,43101,2
EMP-0835,Pablo,Casanova,Especialista en Finanzas,Finanzas,2022-06-25,36867,2
EMP-0836,Pablo,Hernández,Especialista en Marketing,Marketing,2023-10-11,38076,2
EMP-0837,Héctor,Casanova,Arquitecto Cloud,Ingeniería,2023-10-12,60349,3
EMP-0838,Laura,Romero,Arquitecto Cloud,Ingeniería,2023-08-21,37829,2
EMP-0839,José,Domínguez,Especialista en Ventas,Ventas,2023-06-09,74397,3
EMP-0840,Paula,Jiménez,Especialista en Refrigeración,Operaciones Verdes,2022-05-17,77712,4
EMP-0841,Tariq,Muñoz,Desarrollador Junior,Ingeniería,2023-10-10,54200,2
EMP-0842,María,Romero,Técnico de Data Center,Operaciones Verdes,2022-08-06,40756,2
EMP-0843,Tariq,Casanova,Auditor Green Ops,Operaciones Verdes,2022-07-16,61978,3
EMP-0844,Sergio,García,Data Scientist,Ingeniería,2022-12-10,32523,1
EMP-0845,David,Domínguez,Data Scientist,Ingeniería,2023-10-21,74794,3
EMP-0846,Jorge,Al-Fayed,Auditor Green Ops,Operaciones Verdes,2023-07-06,55362,3
EMP-0847,Marta,Romero,Especialista en Soporte Técnico,Soporte Técnico,2023-01-21,42462,2
EMP-0848,Jorge,Ruiz,Especialista en Soporte Técnico,Soporte Técnico,2024-03-05,39107,2
EMP-0849,Jorge,Navarro,Desarrollador Junior,Ingeniería,2022-08-15,39584,2
EMP-0850,María,Ruiz,Especialista en Ventas,Ventas,2022-06-11,45392,2
EMP-0851,Javier,Domínguez,Especialista en Soporte Técnico,Soporte Técnico,2022-07-20,29089,1
EMP-0852,Marta,Al-Fayed,Desarrollador Junior,Ingeniería,2023-01-24,61718,3
EMP-0853,Sofía,Álvarez,Ingeniero DevOps,Ingeniería,2022-12-25,47886,2
EMP-0854,Tariq,Panda,Especialista en Soporte Técnico,Soporte Técnico,2024-01-31,44922,2
EMP-0855,Cozy,Díaz,Ingeniero DevOps,Ingeniería,2023-09-25,69678,3
EMP-0856,Daniel,Al-Fayed,Desarrollador Senior,Ingeniería,2023-10-08,26197,1
EMP-0857,Sergio,Martín,Arquitecto Cloud,Ingeniería,2023-05-01,65272,3
EMP-0858,Elena,Alonso,Especialista en Ventas,Ventas,2022-04-30,40139,2
EMP-0859,Carmen,Díaz,Especialista en Finanzas,Finanzas,2024-01-07,73571,3
EMP-0860,María,Alonso,Ingeniero de Machine Learning,Ingeniería,2023-04-24,32350,1
EMP-0861,Sergio,Torres,Especialista en Marketing,Marketing,2023-07-31,40776,2
EMP-0862,David,Gómez,Especialista en Ventas,Ventas,2024-03-22,50650,2
EMP-0863,Laura,Llorens,Especialista en Ventas,Ventas,2023-11-28,70696,3
EMP-0864,Marta,Muñoz,Desarrollador Junior,Ingeniería,2022-06-08,76835,4
EMP-0865,Sofía,Ruiz,Especialista en Ventas,Ventas,2023-02-01,42431,2
EMP-0866,Marcos,Pérez,Especialista en Legal,Legal,2023-07-14,69422,3
EMP-0867,Isabel,Torres,Especialista en Legal,Legal,2023-08-29,31466,1
EMP-0868,Juan,Ruiz,Especialista en Marketing,Marketing,2023-08-19,31501,1
EMP-0869,Marta,Navarro,Data Scientist,Ingeniería,2023-06-23,30243,1
EMP-0870,Cozy,Hernández,Especialista en Legal,Legal,2022-05-30,59929,3
EMP-0871,Sergio,Panda,Especialista en Ventas,Ventas,2023-07-17,48890,2
EMP-0872,Tariq,Martínez,Arquitecto Cloud,Ingeniería,2023-11-15,37746,2
EMP-0873,Laura,Martín,Arquitecto Cloud,Ingeniería,2023-03-11,70340,3
EMP-0874,Carlos,Hernández,Especialista en Marketing,Marketing,2024-03-23,65845,3
EMP-0875,Lucía,Pérez,Especialista en Ventas,Ventas,2023-05-28,76159,4
EMP-0876,Laura,Díaz,Data Scientist,Ingeniería,2023-09-09,45575,2
EMP-0877,Carlos,Alonso,Desarrollador Junior,Ingeniería,2023-04-30,52275,2
EMP-0878,Marcos,Al-Fayed,Ingeniero de Machine Learning,Ingeniería,2022-04-10,58647,3
EMP-0879,Daniel,Navarro,Especialista en Ventas,Ventas,2023-08-26,60030,3
EMP-0880,Carlos,Hernández,Auditor Green Ops,Operaciones Verdes,2023-01-02,54689,2
EMP-0881,Carmen,Navarro,Especialista en Marketing,Marketing,2023-11-16,29315,1
EMP-0882,Javier,Sánchez,Data Scientist,Ingeniería,2023-10-16,72166,3
EMP-0883,Carlos,Moreno,Especialista en Recursos Humanos,Recursos Humanos,2022-04-01,25388,1
EMP-0884,Sergio,García,Ingeniero de Machine Learning,Ingeniería,2022-08-09,31332,1
EMP-0885,Carmen,Casanova,Desarrollador Senior,Ingeniería,2022-05-09,39204,2
EMP-0886,Paula,Hernández,Ingeniero de Machine Learning,Ingeniería,2022-06-05,39445,2
EMP-0887,Cozy,Jiménez,Especialista en Ventas,Ventas,2022-04-14,45303,2
EMP-0888,Ana,Pérez,Especialista en Ventas,Ventas,2023-05-17,47340,2
EMP-0889,Paula,López,Especialista en Recursos Humanos,Recursos Humanos,2022-09-19,78211,4
EMP-0890,Sergio,Romero,Especialista en Ventas,Ventas,2022-07-03,74994,3
EMP-0891,Elena,Moreno,Ingeniero de Eficiencia Energética,Operaciones Verdes,2024-01-19,37056,2
EMP-0892,Lucía,Pérez,Especialista en Finanzas,Finanzas,2022-04-23,66923,3
EMP-0893,Elena,Jiménez,Especialista en Refrigeración,Operaciones Verdes,2022-09-23,30834,1
EMP-0894,Pablo,Hernández,Especialista en Ventas,Ventas,2022-05-28,70433,3
EMP-0895,Laura,Torres,Especialista en Soporte Técnico,Soporte Técnico,2024-01-28,44704,2
EMP-0896,Jorge,Muñoz,Especialista en Ventas,Ventas,2022-04-15,61139,3
EMP-0897,María,Pérez,Ingeniero de Machine Learning,Ingeniería,2024-01-07,68580,3
EMP-0898,Pablo,Moreno,Arquitecto Cloud,Ingeniería,2022-08-14,38138,2
EMP-0899,Daniel,Casanova,Desarrollador Junior,Ingeniería,2022-08-15,42087,2
EMP-0900,Daniel,Jiménez,Desarrollador Senior,Ingeniería,2022-07-21,26038,1
EMP-0901,Javier,Torres,Ingeniero DevOps,Ingeniería,2022-08-24,48336,2
EMP-0902,Marta,Alonso,Especialista en Ventas,Ventas,2023-02-08,36030,2
EMP-0903,Daniel,Romero,Data Scientist,Ingeniería,2023-03-29,76721,4
EMP-0904,Alejandro,García,Ingeniero de Machine Learning,Ingeniería,2022-10-20,53857,2
EMP-0905,Pablo,Casanova,Especialista en Finanzas,Finanzas,2023-05-16,41543,2
EMP-0906,Marcos,Alonso,Ingeniero de Machine Learning,Ingeniería,2023-08-16,61149,3
EMP-0907,Sergio,Martínez,Ingeniero DevOps,Ingeniería,2023-02-23,37510,2
EMP-0908,María,García,Especialista en Ventas,Ventas,2022-10-06,70502,3
EMP-0909,Alejandro,Ruiz,Especialista en Ventas,Ventas,2024-02-22,79269,4
EMP-0910,Carlos,Al-Fayed,Especialista en Legal,Legal,2023-08-30,60983,3
EMP-0911,Isabel,Jiménez,Data Scientist,Ingeniería,2023-05-26,30181,1
EMP-0912,Alejandro,Domínguez,Especialista en Ventas,Ventas,2023-08-04,42030,2
EMP-0913,Pablo,Díaz,Especialista en Finanzas,Finanzas,2024-01-05,61027,3
EMP-0914,María,Casanova,Desarrollador Senior,Ingeniería,2023-11-30,64332,3
EMP-0915,Marcos,Hernández,Auditor Green Ops,Operaciones Verdes,2022-11-27,28190,1
EMP-0916,David,Jiménez,Técnico de Data Center,Operaciones Verdes,2023-09-08,42908,2
EMP-0917,Juan,Navarro,Ingeniero DevOps,Ingeniería,2024-03-16,25054,1
EMP-0918,Sofía,Muñoz,Ingeniero de Machine Learning,Ingeniería,2022-09-22,29757,1
EMP-0919,Lucía,Torres,Desarrollador Senior,Ingeniería,2022-11-14,77884,4
EMP-0920,David,Jiménez,Especialista en Soporte Técnico,Soporte Técnico,2022-09-28,75390,4
EMP-0921,Marcos,Romero,Especialista en Recursos Humanos,Recursos Humanos,2024-02-21,47192,2
EMP-0922,José,Álvarez,Especialista en Legal,Legal,2022-04-19,28686,1
EMP-0923,Tariq,Jiménez,Arquitecto Cloud,Ingeniería,2023-06-03,69268,3
EMP-0924,Ana,Casanova,Especialista en Recursos Humanos,Recursos Humanos,2022-12-11,61022,3
EMP-0925,Carmen,Casanova,Ingeniero DevOps,Ingeniería,2024-03-27,45493,2
EMP-0926,Elena,Jiménez,Desarrollador Junior,Ingeniería,2023-05-25,64198,3
EMP-0927,Alejandro,Gómez,Técnico de Data Center,Operaciones Verdes,2022-06-19,62796,3
EMP-0928,Carlos,García,Especialista en Legal,Legal,2023-09-15,32796,1
EMP-0929,Lucía,Alonso,Auditor Green Ops,Operaciones Verdes,2024-02-16,63157,3
EMP-0930,Cozy,Jiménez,Especialista en Marketing,Marketing,2023-05-11,26903,1
EMP-0931,Cozy,Martínez,Especialista en Ventas,Ventas,2022-05-23,71905,3
EMP-0932,Laura,Moreno,Especialista en Soporte Técnico,Soporte Técnico,2024-02-07,64196,3
EMP-0933,Carlos,Panda,Especialista en Finanzas,Finanzas,2024-02-25,54469,2
EMP-0934,Juan,Al-Fayed,Desarrollador Senior,Ingeniería,2023-08-13,45868,2
EMP-0935,Jorge,García,Auditor Green Ops,Operaciones Verdes,2023-08-10,57664,3
EMP-0936,Carlos,Díaz,Ingeniero de Eficiencia Energética,Operaciones Verdes,2023-01-29,46977,2
EMP-0937,Jorge,Martín,Desarrollador Junior,Ingeniería,2023-07-14,43971,2
EMP-0938,Cozy,Ruiz,Ingeniero DevOps,Ingeniería,2022-06-15,52481,2
EMP-0939,Sofía,Álvarez,Especialista en Marketing,Marketing,2024-01-12,77174,4
EMP-0940,Héctor,Navarro,Especialista en Marketing,Marketing,2023-03-20,77970,4
EMP-0941,Carmen,López,Ingeniero de Eficiencia Energética,Operaciones Verdes,2022-05-17,62568,3
EMP-0942,Javier,Jiménez,Técnico de Data Center,Operaciones Verdes,2023-10-08,31588,1
EMP-0943,Tariq,Ruiz,Data Scientist,Ingeniería,2023-02-25,42234,2
EMP-0944,Sergio,Alonso,Especialista en Marketing,Marketing,2023-09-06,63528,3
EMP-0945,Isabel,Muñoz,Especialista en Legal,Legal,2023-07-10,73620,3
EMP-0946,David,Martínez,Ingeniero de Machine Learning,Ingeniería,2023-05-30,60092,3
EMP-0947,Marta,Muñoz,Especialista en Recursos Humanos,Recursos Humanos,2023-04-26,35039,2
EMP-0948,Daniel,Sánchez,Especialista en Soporte Técnico,Soporte Técnico,2022-08-14,52318,2
EMP-0949,Marcos,Casanova,Especialista en Ventas,Ventas,2022-11-15,35504,2
EMP-0950,Ana,Al-Fayed,Especialista en Marketing,Marketing,2024-03-12,59014,3
EMP-0951,Javier,Torres,Especialista en Ventas,Ventas,2022-07-08,66011,3
EMP-0952,Paula,Martín,Ingeniero de Eficiencia Energética,Operaciones Verdes,2024-01-11,72982,3
EMP-0953,Carlos,Martín,Desarrollador Junior,Ingeniería,2022-06-14,31151,1
EMP-0954,Javier,Llorens,Auditor Green Ops,Operaciones Verdes,2023-11-19,38949,2
EMP-0955,Pablo,López,Desarrollador Junior,Ingeniería,2023-01-12,28908,1
EMP-0956,Cozy,López,Desarrollador Junior,Ingeniería,2024-02-28,53282,2
EMP-0957,Isabel,Jiménez,Especialista en Finanzas,Finanzas,2023-02-26,71266,3
EMP-0958,Laura,Al-Fayed,Ingeniero DevOps,Ingeniería,2022-08-24,25020,1
EMP-0959,Elena,Hernández,Arquitecto Cloud,Ingeniería,2022-08-20,60898,3
EMP-0960,Elena,Martín,Ingeniero de Machine Learning,Ingeniería,2023-04-12,35176,2
EMP-0961,Ana,Llorens,Desarrollador Senior,Ingeniería,2023-03-21,73923,3
EMP-0962,Ana,Gómez,Ingeniero de Machine Learning,Ingeniería,2023-07-17,79723,4
EMP-0963,Marta,Martínez,Especialista en Refrigeración,Operaciones Verdes,2023-07-22,77094,4
EMP-0964,Sofía,Martínez,Auditor Green Ops,Operaciones Verdes,2022-08-20,70549,3
EMP-0965,Laura,Jiménez,Ingeniero de Machine Learning,Ingeniería,2024-03-27,43224,2
EMP-0966,Isabel,Álvarez,Especialista en Recursos Humanos,Recursos Humanos,2024-03-15,44267,2
EMP-0967,Ana,Al-Fayed,Desarrollador Senior,Ingeniería,2023-11-25,59142,3
EMP-0968,Marta,Martínez,Desarrollador Senior,Ingeniería,2023-05-14,66846,3
EMP-0969,José,Torres,Desarrollador Senior,Ingeniería,2022-05-25,52435,2
EMP-0970,Tariq,Sánchez,Especialista en Soporte Técnico,Soporte Técnico,2022-04-11,35633,2
EMP-0971,Laura,Romero,Data Scientist,Ingeniería,2022-05-15,64996,3
EMP-0972,Sergio,Martínez,Arquitecto Cloud,Ingeniería,2023-05-19,44174,2
EMP-0973,Lucía,Llorens,Desarrollador Senior,Ingeniería,2023-10-20,78490,4
EMP-0974,Laura,Domínguez,Especialista en Soporte Técnico,Soporte Técnico,2022-04-03,66183,3
EMP-0975,Lucía,Sánchez,Especialista en Ventas,Ventas,2024-03-27,46233,2
EMP-0976,Pablo,Moreno,Ingeniero DevOps,Ingeniería,2023-09-24,76424,4
EMP-0977,Juan,Pérez,Especialista en Marketing,Marketing,2022-08-20,60025,3
EMP-0978,Daniel,Moreno,Especialista en Recursos Humanos,Recursos Humanos,2022-08-30,42941,2
EMP-0979,Juan,Álvarez,Arquitecto Cloud,Ingeniería,2023-08-02,38188,2
EMP-0980,David,Díaz,Especialista en Ventas,Ventas,2023-02-02,57297,3
EMP-0981,Isabel,Domínguez,Arquitecto Cloud,Ingeniería,2024-03-08,74015,3
EMP-0982,Marcos,Díaz,Ingeniero de Machine Learning,Ingeniería,2024-03-24,58310,3
EMP-0983,Alejandro,Casanova,Especialista en Soporte Técnico,Soporte Técnico,2022-09-17,52833,2
EMP-0984,Marta,Jiménez,Desarrollador Junior,Ingeniería,2023-01-03,48802,2
EMP-0985,Jorge,López,Especialista en Finanzas,Finanzas,2023-07-21,38211,2
EMP-0986,Jorge,Casanova,Especialista en Ventas,Ventas,2023-12-04,71268,3
EMP-0987,Lucía,Moreno,Ingeniero de Machine Learning,Ingeniería,2023-07-25,56168,3
EMP-0988,Carmen,Alonso,Especialista en Refrigeración,Operaciones Verdes,2022-04-10,74355,3
EMP-0989,Elena,García,Especialista en Ventas,Ventas,2023-09-13,51419,2
EMP-0990,Paula,Pérez,Técnico de Data Center,Operaciones Verdes,2023-12-30,55766,3
EMP-0991,Javier,Jiménez,Arquitecto Cloud,Ingeniería,2023-09-02,28462,1
EMP-0992,María,Martínez,Especialista en Legal,Legal,2024-03-17,26939,1
EMP-0993,Juan,Jiménez,Especialista en Recursos Humanos,Recursos Humanos,2023-05-10,77407,4
EMP-0994,María,Martínez,Especialista en Refrigeración,Operaciones Verdes,2023-11-20,67316,3
EMP-0995,Juan,Ruiz,Técnico de Data Center,Operaciones Verdes,2023-01-21,57529,3
EMP-0996,Marcos,Panda,Especialista en Ventas,Ventas,2024-01-12,39180,2
EMP-0997,Jorge,Pérez,Ingeniero de Machine Learning,Ingeniería,2023-09-04,72117,3
EMP-0998,Ana,Pérez,Ingeniero de Machine Learning,Ingeniería,2022-06-21,63198,3
EMP-0999,Cozy,Gutiérrez,Especialista en Legal,Legal,2022-09-10,69780,3
EMP-1000,Marta,Casanova,Especialista en Finanzas,Finanzas,2023-06-24,69516,3
EMP-1001,Juan,Jiménez,Especialista en Soporte Técnico,Soporte Técnico,2022-07-12,56969,3
EMP-1002,Pablo,Pérez,Ingeniero DevOps,Ingeniería,2023-07-13,69602,3
EMP-1003,David,Casanova,Desarrollador Senior,Ingeniería,2022-10-16,51526,2
EMP-1004,Daniel,Alonso,Data Scientist,Ingeniería,2022-11-16,33964,1
EMP-1005,Jorge,Díaz,Especialista en Ventas,Ventas,2023-07-11,78652,4
EMP-1006,Paula,Domínguez,Especialista en Finanzas,Finanzas,2023-12-31,48927,2
EMP-1007,Cozy,Casanova,Desarrollador Junior,Ingeniería,2024-03-28,70139,3
EMP-1008,Lucía,García,Técnico de Data Center,Operaciones Verdes,2023-10-04,25343,1
EMP-1009,Pablo,Pérez,Especialista en Ventas,Ventas,2022-06-23,64069,3
EMP-1010,David,López,Especialista en Ventas,Ventas,2023-09-02,36910,2
EMP-1011,Cozy,Gómez,Desarrollador Senior,Ingeniería,2022-04-06,78374,4
EMP-1012,Cozy,Martínez,Especialista en Recursos Humanos,Recursos Humanos,2022-05-03,52129,2
EMP-1013,Tariq,Casanova,Especialista en Legal,Legal,2024-01-23,43817,2
EMP-1014,David,Sánchez,Ingeniero de Machine Learning,Ingeniería,2023-10-15,41448,2
EMP-1015,Lucía,Domínguez,Arquitecto Cloud,Ingeniería,2023-07-07,45641,2
EMP-1016,Carlos,Martínez,Especialista en Legal,Legal,2023-10-28,25695,1
EMP-1017,Carlos,Casanova,Especialista en Soporte Técnico,Soporte Técnico,2024-01-19,46342,2
EMP-1018,Isabel,Gutiérrez,Especialista en Legal,Legal,2023-03-28,61400,3
EMP-1019,José,Sánchez,Arquitecto Cloud,Ingeniería,2023-12-18,65892,3
EMP-1020,José,Domínguez,Especialista en Marketing,Marketing,2022-06-07,28241,1
EMP-1021,Marcos,Domínguez,Desarrollador Junior,Ingeniería,2023-09-16,34500,1
EMP-1022,Ana,Álvarez,Especialista en Ventas,Ventas,2023-11-22,48234,2
EMP-1023,Jorge,Gómez,Desarrollador Junior,Ingeniería,2022-11-04,27667,1
EMP-1024,Lucía,Álvarez,Arquitecto Cloud,Ingeniería,2023-06-07,74243,3
EMP-1025,Sofía,López,Especialista en Marketing,Marketing,2022-10-15,37049,2
EMP-1026,Paula,Al-Fayed,Ingeniero de Machine Learning,Ingeniería,2022-07-01,47164,2
EMP-1027,Héctor,Gómez,Ingeniero de Machine Learning,Ingeniería,2023-04-24,47758,2
EMP-1028,Tariq,Romero,Ingeniero de Machine Learning,Ingeniería,2022-05-01,60741,3
EMP-1029,Laura,Navarro,Desarrollador Junior,Ingeniería,2022-09-12,31633,1
EMP-1030,José,Ruiz,Especialista en Ventas,Ventas,2023-09-19,32312,1
EMP-1031,Juan,Al-Fayed,Desarrollador Junior,Ingeniería,2023-04-07,78287,4
EMP-1032,Juan,García,Desarrollador Junior,Ingeniería,2022-08-11,39521,2
EMP-1033,Ana,Gutiérrez,Especialista en Finanzas,Finanzas,2024-02-12,71646,3
EMP-1034,Juan,Casanova,Especialista en Legal,Legal,2024-03-30,27574,1
EMP-1035,Juan,López,Arquitecto Cloud,Ingeniería,2022-05-16,62314,3
EMP-1036,Carmen,Gutiérrez,Arquitecto Cloud,Ingeniería,2022-12-18,30238,1
EMP-1037,Jorge,Muñoz,Desarrollador Senior,Ingeniería,2024-01-24,35961,2
EMP-1038,Daniel,Gómez,Especialista en Ventas,Ventas,2022-12-13,52356,2
EMP-1039,Carlos,Navarro,Especialista en Refrigeración,Operaciones Verdes,2023-06-28,37666,2
EMP-1040,Carlos,Al-Fayed,Especialista en Legal,Legal,2022-05-16,47059,2
EMP-1041,Marta,Martínez,Arquitecto Cloud,Ingeniería,2023-08-22,51698,2
EMP-1042,Laura,López,Especialista en Legal,Legal,2023-12-25,26469,1
EMP-1043,Isabel,Sánchez,Especialista en Ventas,Ventas,2023-04-28,79629,4
EMP-1044,Marcos,Casanova,Desarrollador Junior,Ingeniería,2023-10-05,76977,4
EMP-1045,Juan,Al-Fayed,Especialista en Finanzas,Finanzas,2022-06-24,59770,3
EMP-1046,Cozy,Muñoz,Desarrollador Senior,Ingeniería,2023-08-04,78080,4
EMP-1047,Lucía,Romero,Arquitecto Cloud,Ingeniería,2022-08-19,65552,3
EMP-1048,Héctor,Pérez,Especialista en Finanzas,Finanzas,2022-07-09,49558,2
EMP-1049,Juan,López,Especialista en Ventas,Ventas,2022-11-09,62478,3
EMP-1050,Alejandro,Ruiz,Especialista en Ventas,Ventas,2023-02-05,73994,3
EMP-1051,Sofía,Moreno,Especialista en Legal,Legal,2022-05-29,35966,2
EMP-1052,Héctor,Domínguez,Auditor Green Ops,Operaciones Verdes,2023-11-29,42824,2
EMP-1053,Pablo,Muñoz,Desarrollador Senior,Ingeniería,2023-09-07,64350,3
EMP-1054,Paula,Hernández,Especialista en Soporte Técnico,Soporte Técnico,2022-10-01,71911,3
EMP-1055,Sergio,Díaz,Desarrollador Senior,Ingeniería,2022-08-12,52571,2
EMP-1056,Pablo,Díaz,Especialista en Ventas,Ventas,2023-09-13,71131,3
EMP-1057,Cozy,Hernández,Auditor Green Ops,Operaciones Verdes,2024-04-05,76173,4
EMP-1058,Sofía,Torres,Ingeniero de Eficiencia Energética,Operaciones Verdes,2023-06-27,39822,2
EMP-1059,Elena,Hernández,Auditor Green Ops,Operaciones Verdes,2024-01-04,47534,2
EMP-1060,José,López,Especialista en Ventas,Ventas,2024-02-01,47063,2
EMP-1061,Ana,Gómez,Especialista en Refrigeración,Operaciones Verdes,2022-10-02,74536,3
EMP-1062,Jorge,Sánchez,Especialista en Legal,Legal,2022-07-31,27877,1
EMP-1063,María,Sánchez,Desarrollador Junior,Ingeniería,2024-04-06,35232,2
EMP-1064,Alejandro,Moreno,Especialista en Ventas,Ventas,2022-06-28,74327,3
EMP-1065,María,Llorens,Especialista en Legal,Legal,2023-06-06,79460,4
EMP-1066,Isabel,Álvarez,Especialista en Refrigeración,Operaciones Verdes,2023-05-07,58703,3
EMP-1067,José,Al-Fayed,Especialista en Legal,Legal,2024-01-28,37189,2
EMP-1068,Isabel,Gómez,Ingeniero DevOps,Ingeniería,2023-11-19,67838,3
EMP-1069,Sofía,Moreno,Data Scientist,Ingeniería,2022-12-13,66482,3
EMP-1070,Carmen,Muñoz,Arquitecto Cloud,Ingeniería,2024-01-28,42173,2
EMP-1071,David,Muñoz,Especialista en Soporte Técnico,Soporte Técnico,2023-09-06,47621,2
EMP-1072,Carmen,Gutiérrez,Especialista en Recursos Humanos,Recursos Humanos,2022-10-26,44124,2
EMP-1073,José,Alonso,Especialista en Ventas,Ventas,2023-03-08,53180,2
EMP-1074,Javier,Al-Fayed,Desarrollador Junior,Ingeniería,2023-11-26,35626,2
EMP-1075,David,Jiménez,Data Scientist,Ingeniería,2023-06-10,68898,3
EMP-1076,Alejandro,López,Especialista en Recursos Humanos,Recursos Humanos,2022-04-18,63767,3
EMP-1077,Ana,Pérez,Especialista en Ventas,Ventas,2023-12-11,27559,1
EMP-1078,Javier,Hernández,Auditor Green Ops,Operaciones Verdes,2022-06-23,66086,3
EMP-1079,Cozy,Alonso,Ingeniero DevOps,Ingeniería,2022-05-28,78214,4
EMP-1080,Carlos,Casanova,Arquitecto Cloud,Ingeniería,2023-10-14,64988,3
EMP-1081,Ana,Álvarez,Desarrollador Senior,Ingeniería,2024-03-09,33368,1
EMP-1082,Pablo,Hernández,Auditor Green Ops,Operaciones Verdes,2024-03-16,58390,3
EMP-1083,Sofía,Díaz,Especialista en Marketing,Marketing,2022-10-16,68670,3
EMP-1084,Lucía,Alonso,Desarrollador Junior,Ingeniería,2022-11-04,30759,1
EMP-1085,Jorge,Díaz,Especialista en Soporte Técnico,Soporte Técnico,2023-08-31,54525,2
EMP-1086,Javier,Navarro,Especialista en Marketing,Marketing,2022-08-10,30729,1
EMP-1087,Pablo,Martínez,Auditor Green Ops,Operaciones Verdes,2022-06-27,73711,3
EMP-1088,María,López,Especialista en Recursos Humanos,Recursos Humanos,2023-06-05,35257,2
EMP-1089,Alejandro,Alonso,Especialista en Soporte Técnico,Soporte Técnico,2023-11-01,44099,2
EMP-1090,José,Alonso,Especialista en Finanzas,Finanzas,2024-02-28,73907,3
EMP-1091,Marcos,Torres,Especialista en Soporte Técnico,Soporte Técnico,2024-01-15,43287,2
EMP-1092,Cozy,García,Especialista en Finanzas,Finanzas,2024-03-07,50527,2
EMP-1093,Lucía,Díaz,Especialista en Ventas,Ventas,2023-07-03,54732,2
EMP-1094,Ana,Llorens,Desarrollador Junior,Ingeniería,2023-09-02,34300,1
EMP-1095,Paula,Pérez,Especialista en Finanzas,Finanzas,2023-03-31,63524,3
EMP-1096,Cozy,Navarro,Especialista en Marketing,Marketing,2023-01-29,61161,3
EMP-1097,Juan,Gutiérrez,Especialista en Marketing,Marketing,2023-04-06,39188,2
EMP-1098,Isabel,Al-Fayed,Especialista en Legal,Legal,2023-10-05,45133,2
EMP-1099,Paula,Navarro,Arquitecto Cloud,Ingeniería,2022-12-06,38057,2
EMP-1100,Juan,Jiménez,Auditor Green Ops,Operaciones Verdes,2024-02-12,37238,2
EMP-1101,María,García,Arquitecto Cloud,Ingeniería,2023-01-04,57125,3
EMP-1102,Carlos,García,Técnico de Data Center,Operaciones Verdes,2023-04-20,65730,3
EMP-1103,Héctor,Álvarez,Data Scientist,Ingeniería,2023-05-04,35891,2
EMP-1104,Elena,Romero,Especialista en Ventas,Ventas,2024-02-22,27730,1
EMP-1105,Tariq,Navarro,Ingeniero DevOps,Ingeniería,2022-11-30,66540,3
EMP-1106,Marta,Martínez,Auditor Green Ops,Operaciones Verdes,2024-02-14,64021,3
EMP-1107,Marcos,Romero,Especialista en Marketing,Marketing,2023-02-14,72360,3
EMP-1108,Ana,Martín,Especialista en Soporte Técnico,Soporte Técnico,2023-01-22,79370,4
EMP-1109,Javier,Pérez,Arquitecto Cloud,Ingeniería,2023-10-05,78617,4
EMP-1110,Héctor,Romero,Especialista en Ventas,Ventas,2022-12-14,54792,2
EMP-1111,Pablo,Moreno,Especialista en Ventas,Ventas,2024-04-20,47339,2
EMP-1112,Marcos,Sánchez,Arquitecto Cloud,Ingeniería,2023-09-02,69762,3
EMP-1113,Pablo,Jiménez,Ingeniero DevOps,Ingeniería,2022-12-20,40523,2
EMP-1114,David,Díaz,Arquitecto Cloud,Ingeniería,2023-01-25,50779,2
EMP-1115,Sergio,Gutiérrez,Especialista en Soporte Técnico,Soporte Técnico,2023-02-10,39760,2
EMP-1116,José,García,Especialista en Marketing,Marketing,2022-04-11,78535,4
EMP-1117,Juan,Sánchez,Técnico de Data Center,Operaciones Verdes,2023-10-09,27527,1
EMP-1118,Isabel,Llorens,Especialista en Ventas,Ventas,2024-04-25,56269,3
EMP-1119,María,Casanova,Ingeniero DevOps,Ingeniería,2023-01-21,25528,1
EMP-1120,Cozy,Sánchez,Especialista en Ventas,Ventas,2024-03-13,78701,4
EMP-1121,Tariq,Pérez,Arquitecto Cloud,Ingeniería,2022-11-30,48101,2
EMP-1122,Pablo,Gómez,Especialista en Ventas,Ventas,2022-11-23,65167,3
EMP-1123,María,Domínguez,Especialista en Marketing,Marketing,2022-06-05,73501,3
EMP-1124,Juan,Ruiz,Ingeniero de Eficiencia Energética,Operaciones Verdes,2023-01-09,33825,1
EMP-1125,Cozy,Al-Fayed,Especialista en Ventas,Ventas,2023-07-06,79848,4
EMP-1126,Isabel,Romero,Desarrollador Senior,Ingeniería,2023-04-25,75698,4
EMP-1127,Pablo,Gutiérrez,Ingeniero de Machine Learning,Ingeniería,2022-05-28,62502,3
EMP-1128,Alejandro,López,Técnico de Data Center,Operaciones Verdes,2022-12-30,58571,3
EMP-1129,Elena,Díaz,Ingeniero DevOps,Ingeniería,2024-04-06,47722,2
EMP-1130,Juan,Jiménez,Especialista en Legal,Legal,2024-03-17,58820,3
EMP-1131,Carlos,Gutiérrez,Especialista en Soporte Técnico,Soporte Técnico,2022-11-17,66378,3
EMP-1132,Cozy,Sánchez,Auditor Green Ops,Operaciones Verdes,2023-05-19,36440,2
EMP-1133,Tariq,García,Desarrollador Junior,Ingeniería,2023-11-30,56189,3
EMP-1134,Héctor,Al-Fayed,Desarrollador Junior,Ingeniería,2023-01-01,56856,3
EMP-1135,Isabel,Jiménez,Especialista en Ventas,Ventas,2022-09-05,62143,3
EMP-1136,Sofía,Sánchez,Especialista en Refrigeración,Operaciones Verdes,2023-04-04,49407,2
EMP-1137,Sofía,Domínguez,Especialista en Soporte Técnico,Soporte Técnico,2023-06-11,72302,3
EMP-1138,Isabel,Navarro,Especialista en Ventas,Ventas,2022-11-20,55032,3
EMP-1139,Juan,Hernández,Auditor Green Ops,Operaciones Verdes,2023-02-05,28969,1
EMP-1140,Ana,Muñoz,Ingeniero de Machine Learning,Ingeniería,2022-12-19,60053,3
EMP-1141,Juan,Moreno,Especialista en Ventas,Ventas,2023-02-12,34999,1
EMP-1142,David,Casanova,Especialista en Ventas,Ventas,2023-12-16,77505,4
EMP-1143,Sofía,Álvarez,Ingeniero de Machine Learning,Ingeniería,2022-10-23,36741,2
EMP-1144,Pablo,Gutiérrez,Especialista en Marketing,Marketing,2022-10-13,69259,3
EMP-1145,David,Domínguez,Ingeniero DevOps,Ingeniería,2022-04-04,48924,2
EMP-1146,Carmen,Ruiz,Auditor Green Ops,Operaciones Verdes,2023-01-23,27840,1
EMP-1147,Alejandro,López,Auditor Green Ops,Operaciones Verdes,2022-12-11,65921,3
EMP-1148,Juan,Alonso,Especialista en Ventas,Ventas,2023-11-14,75104,4
EMP-1149,Carlos,Navarro,Ingeniero de Eficiencia Energética,Operaciones Verdes,2023-06-23,50301,2
EMP-1150,Cozy,Ruiz,Ingeniero de Machine Learning,Ingeniería,2022-05-22,42968,2
EMP-1151,David,Gutiérrez,Desarrollador Senior,Ingeniería,2023-11-10,33879,1
EMP-1152,Marcos,Alonso,Especialista en Legal,Legal,2023-02-25,35938,2
EMP-1153,Carlos,Llorens,Especialista en Legal,Legal,2022-05-06,25223,1
EMP-1154,Carlos,Hernández,Data Scientist,Ingeniería,2022-05-16,44568,2
EMP-1155,María,Jiménez,Ingeniero DevOps,Ingeniería,2022-09-16,41333,2
EMP-1156,Héctor,Martín,Ingeniero DevOps,Ingeniería,2023-07-23,75712,4
EMP-1157,David,Hernández,Especialista en Marketing,Marketing,2022-11-10,57555,3
EMP-1158,María,Navarro,Especialista en Marketing,Marketing,2023-10-25,29189,1
EMP-1159,Carlos,García,Técnico de Data Center,Operaciones Verdes,2022-04-13,51457,2
EMP-1160,Carlos,Jiménez,Especialista en Legal,Legal,2022-10-19,47791,2
EMP-1161,Lucía,García,Especialista en Marketing,Marketing,2022-07-29,57444,3
EMP-1162,Tariq,Díaz,Desarrollador Senior,Ingeniería,2023-12-23,31962,1
EMP-1163,Sofía,Panda,Ingeniero de Machine Learning,Ingeniería,2022-05-02,60487,3
EMP-1164,Daniel,Gómez,Desarrollador Senior,Ingeniería,2023-12-18,59633,3
EMP-1165,Javier,Ruiz,Técnico de Data Center,Operaciones Verdes,2024-01-09,38285,2
EMP-1166,Carmen,Casanova,Data Scientist,Ingeniería,2024-02-02,67315,3
EMP-1167,Elena,Al-Fayed,Especialista en Recursos Humanos,Recursos Humanos,2024-02-20,57279,3
EMP-1168,Marta,Panda,Especialista en Ventas,Ventas,2023-12-07,45228,2
EMP-1169,Ana,Alonso,Ingeniero DevOps,Ingeniería,2023-08-23,72013,3
EMP-1170,José,Navarro,Especialista en Refrigeración,Operaciones Verdes,2024-02-12,61349,3
EMP-1171,Elena,Martínez,Especialista en Finanzas,Finanzas,2022-10-26,37999,2
EMP-1172,Daniel,López,Ingeniero de Machine Learning,Ingeniería,2022-10-14,64080,3
EMP-1173,Sergio,Romero,Especialista en Soporte Técnico,Soporte Técnico,2023-10-13,32148,1
EMP-1174,Isabel,Torres,Técnico de Data Center,Operaciones Verdes,2022-09-30,51832,2
EMP-1175,David,Martínez,Especialista en Ventas,Ventas,2022-04-07,35578,2
EMP-1176,Sofía,Alonso,Desarrollador Junior,Ingeniería,2022-08-08,33275,1
EMP-1177,Paula,Díaz,Desarrollador Senior,Ingeniería,2023-11-01,31829,1
EMP-1178,Jorge,Panda,Especialista en Finanzas,Finanzas,2022-06-12,59914,3
EMP-1179,Paula,Romero,Especialista en Legal,Legal,2023-10-23,29089,1
EMP-1180,José,Díaz,Especialista en Marketing,Marketing,2024-03-05,46030,2
EMP-1181,Daniel,Torres,Técnico de Data Center,Operaciones Verdes,2023-06-13,39824,2
EMP-1182,Laura,Jiménez,Especialista en Recursos Humanos,Recursos Humanos,2023-06-18,25020,1
EMP-1183,Tariq,García,Ingeniero DevOps,Ingeniería,2022-07-06,77585,4
EMP-1184,Carlos,Alonso,Data Scientist,Ingeniería,2022-04-03,67455,3
EMP-1185,Cozy,Casanova,Ingeniero DevOps,Ingeniería,2024-02-08,75870,4
EMP-1186,María,Al-Fayed,Arquitecto Cloud,Ingeniería,2022-12-30,53465,2
EMP-1187,Laura,Ruiz,Data Scientist,Ingeniería,2023-05-20,29533,1
EMP-1188,Marcos,Alonso,Ingeniero de Eficiencia Energética,Operaciones Verdes,2022-11-22,38539,2
EMP-1189,Elena,Moreno,Técnico de Data Center,Operaciones Verdes,2023-01-28,48261,2
EMP-1190,Tariq,Al-Fayed,Data Scientist,Ingeniería,2023-10-05,72384,3
EMP-1191,Sofía,Al-Fayed,Ingeniero DevOps,Ingeniería,2022-12-22,60979,3
EMP-1192,Carmen,Ruiz,Especialista en Ventas,Ventas,2023-09-04,45238,2
EMP-1193,José,Díaz,Desarrollador Senior,Ingeniería,2023-08-24,50100,2
EMP-1194,Carlos,Panda,Especialista en Ventas,Ventas,2023-11-15,49746,2
EMP-1195,Javier,López,Desarrollador Senior,Ingeniería,2024-02-20,42804,2
EMP-1196,José,López,Arquitecto Cloud,Ingeniería,2022-12-24,34842,1
EMP-1197,Tariq,Muñoz,Especialista en Soporte Técnico,Soporte Técnico,2022-11-19,45195,2
EMP-1198,Daniel,Casanova,Especialista en Recursos Humanos,Recursos Humanos,2023-06-22,57216,3
EMP-1199,Laura,García,Especialista en Ventas,Ventas,2023-03-01,71600,3
EMP-1200,José,Moreno,Data Scientist,Ingeniería,2022-07-26,33936,1
EMP-1201,Isabel,Ruiz,Especialista en Recursos Humanos,Recursos Humanos,2024-03-13,70764,3
EMP-1202,Carlos,Gutiérrez,Ingeniero de Eficiencia Energética,Operaciones Verdes,2024-02-12,56148,3
EMP-1203,Héctor,Álvarez,Especialista en Marketing,Marketing,2023-08-04,73278,3
EMP-1204,Cozy,García,Data Scientist,Ingeniería,2023-08-16,64657,3
EMP-1205,Ana,Gómez,Especialista en Ventas,Ventas,2023-09-18,68182,3
EMP-1206,Paula,García,Especialista en Ventas,Ventas,2023-07-14,72703,3
EMP-1207,Jorge,Díaz,Especialista en Ventas,Ventas,2023-09-27,36799,2
EMP-1208,Marcos,Hernández,Ingeniero de Machine Learning,Ingeniería,2022-08-24,77211,4
EMP-1209,Laura,Martínez,Especialista en Recursos Humanos,Recursos Humanos,2023-07-31,25069,1
EMP-1210,Carmen,Gutiérrez,Ingeniero de Machine Learning,Ingeniería,2023-05-21,32250,1
EMP-1211,David,Torres,Desarrollador Junior,Ingeniería,2023-11-01,72389,3
EMP-1212,Isabel,López,Especialista en Recursos Humanos,Recursos Humanos,2022-04-22,73309,3
EMP-1213,Sofía,Díaz,Especialista en Finanzas,Finanzas,2022-09-09,60835,3
EMP-1214,Marcos,García,Desarrollador Junior,Ingeniería,2023-10-21,42581,2
EMP-1215,Cozy,Martínez,Ingeniero DevOps,Ingeniería,2023-04-15,69948,3
EMP-1216,Pablo,Alonso,Especialista en Soporte Técnico,Soporte Técnico,2022-08-07,78914,4
EMP-1217,Laura,Llorens,Especialista en Recursos Humanos,Recursos Humanos,2023-01-07,40317,2
EMP-1218,Laura,López,Especialista en Recursos Humanos,Recursos Humanos,2022-06-03,78110,4
EMP-1219,Tariq,Llorens,Data Scientist,Ingeniería,2023-09-21,43024,2
EMP-1220,Paula,Díaz,Especialista en Ventas,Ventas,2023-06-15,55082,3
EMP-1221,Sofía,Gómez,Especialista en Legal,Legal,2023-07-19,43883,2
EMP-1222,Juan,Gutiérrez,Ingeniero de Eficiencia Energética,Operaciones Verdes,2024-01-21,38805,2
EMP-1223,David,Martín,Ingeniero de Machine Learning,Ingeniería,2022-10-19,71526,3
EMP-1224,Cozy,Sánchez,Especialista en Finanzas,Finanzas,2022-10-05,43828,2
EMP-1225,Carlos,García,Arquitecto Cloud,Ingeniería,2023-07-01,35454,2
EMP-1226,Elena,Hernández,Especialista en Marketing,Marketing,2022-12-09,65116,3
EMP-1227,Sofía,Martínez,Auditor Green Ops,Operaciones Verdes,2022-09-22,62929,3
EMP-1228,Paula,Moreno,Arquitecto Cloud,Ingeniería,2023-03-18,49374,2
EMP-1229,Tariq,Díaz,Ingeniero de Machine Learning,Ingeniería,2022-07-06,25120,1
EMP-1230,Laura,Martínez,Ingeniero DevOps,Ingeniería,2023-07-05,51817,2
EMP-1231,Daniel,Ruiz,Especialista en Recursos Humanos,Recursos Humanos,2022-04-29,73249,3
EMP-1232,David,Panda,Especialista en Ventas,Ventas,2023-04-30,58146,3
EMP-1233,Laura,Martínez,Especialista en Soporte Técnico,Soporte Técnico,2024-03-23,56933,3
EMP-1234,Paula,Navarro,Desarrollador Junior,Ingeniería,2023-05-08,50381,2
EMP-1235,Laura,Navarro,Ingeniero de Eficiencia Energética,Operaciones Verdes,2022-09-20,76358,4
EMP-1236,Paula,Gutiérrez,Especialista en Soporte Técnico,Soporte Técnico,2023-07-26,48915,2
EMP-1237,Ana,Gutiérrez,Data Scientist,Ingeniería,2024-03-23,30139,1
EMP-1238,Javier,Álvarez,Especialista en Ventas,Ventas,2023-06-15,66377,3
EMP-1239,Tariq,Álvarez,Especialista en Soporte Técnico,Soporte Técnico,2023-10-14,42719,2
EMP-1240,David,Romero,Especialista en Recursos Humanos,Recursos Humanos,2022-05-15,34753,1
EMP-1241,Ana,Navarro,Especialista en Soporte Técnico,Soporte Técnico,2022-07-27,76856,4
EMP-1242,Carmen,Hernández,Ingeniero de Eficiencia Energética,Operaciones Verdes,2022-09-08,69964,3
EMP-1243,María,Gómez,Especialista en Marketing,Marketing,2024-03-01,76383,4
EMP-1244,Carmen,Hernández,Desarrollador Junior,Ingeniería,2023-09-08,79821,4
EMP-1245,Ana,Alonso,Especialista en Marketing,Marketing,2023-07-12,72233,3
EMP-1246,Sofía,Torres,Ingeniero de Machine Learning,Ingeniería,2022-10-03,43526,2
EMP-1247,José,López,Desarrollador Junior,Ingeniería,2023-03-31,53024,2
EMP-1248,Daniel,Torres,Especialista en Ventas,Ventas,2023-06-22,27256,1
EMP-1249,Lucía,López,Auditor Green Ops,Operaciones Verdes,2023-08-12,58267,3
EMP-1250,Daniel,Torres,Ingeniero de Machine Learning,Ingeniería,2023-08-29,68618,3
EMP-1251,María,Panda,Ingeniero de Eficiencia Energética,Operaciones Verdes,2022-09-07,64327,3
EMP-1252,Alejandro,Panda,Especialista en Legal,Legal,2023-07-23,47474,2
EMP-1253,María,Alonso,Arquitecto Cloud,Ingeniería,2024-04-13,51273,2
EMP-1254,Carmen,Hernández,Desarrollador Junior,Ingeniería,2022-09-27,32750,1
EMP-1255,Lucía,Navarro,Ingeniero de Machine Learning,Ingeniería,2023-04-16,67086,3
EMP-1256,Paula,Llorens,Especialista en Refrigeración,Operaciones Verdes,2022-04-27,69298,3
EMP-1257,Carlos,Álvarez,Especialista en Marketing,Marketing,2022-06-07,46314,2
EMP-1258,Javier,Navarro,Ingeniero DevOps,Ingeniería,2024-01-17,56955,3
EMP-1259,David,Muñoz,Ingeniero de Machine Learning,Ingeniería,2023-01-02,71693,3
EMP-1260,Carlos,Sánchez,Especialista en Marketing,Marketing,2024-05-01,52475,2
EMP-1261,Paula,Alonso,Arquitecto Cloud,Ingeniería,2022-05-13,48673,2
EMP-1262,Carmen,López,Especialista en Finanzas,Finanzas,2022-05-09,26672,1
EMP-1263,Juan,Alonso,Arquitecto Cloud,Ingeniería,2023-09-25,28573,1
EMP-1264,Jorge,Al-Fayed,Especialista en Ventas,Ventas,2023-12-29,31002,1
EMP-1265,Marta,López,Arquitecto Cloud,Ingeniería,2023-02-24,49677,2
EMP-1266,David,Alonso,Especialista en Marketing,Marketing,2023-12-01,59430,3
EMP-1267,Héctor,Al-Fayed,Arquitecto Cloud,Ingeniería,2022-04-03,46495,2
EMP-1268,José,Álvarez,Especialista en Soporte Técnico,Soporte Técnico,2022-05-26,38240,2
EMP-1269,Juan,Pérez,Desarrollador Junior,Ingeniería,2022-06-03,67667,3
EMP-1270,Jorge,Martínez,Auditor Green Ops,Operaciones Verdes,2023-12-14,37321,2
EMP-1271,Pablo,Martín,Especialista en Refrigeración,Operaciones Verdes,2024-03-29,26591,1
EMP-1272,Carlos,Sánchez,Desarrollador Senior,Ingeniería,2022-08-19,49752,2
EMP-1273,Marcos,Gutiérrez,Especialista en Ventas,Ventas,2023-03-01,67286,3
EMP-1274,Javier,Sánchez,Especialista en Soporte Técnico,Soporte Técnico,2023-01-22,46602,2
EMP-1275,Sofía,Jiménez,Especialista en Soporte Técnico,Soporte Técnico,2022-05-22,41535,2
EMP-1276,Isabel,Al-Fayed,Desarrollador Senior,Ingeniería,2023-01-04,75041,4
EMP-1277,Javier,López,Especialista en Legal,Legal,2024-04-29,72709,3
EMP-1278,María,López,Especialista en Ventas,Ventas,2023-01-11,55342,3
EMP-1279,Daniel,Torres,Especialista en Soporte Técnico,Soporte Técnico,2024-04-09,30303,1
EMP-1280,Cozy,López,Especialista en Legal,Legal,2022-06-25,46904,2
EMP-1281,Paula,Al-Fayed,Especialista en Ventas,Ventas,2023-08-31,63104,3
EMP-1282,Héctor,García,Especialista en Ventas,Ventas,2023-11-03,78965,4
EMP-1283,María,Díaz,Desarrollador Junior,Ingeniería,2023-02-19,30242,1
EMP-1284,Alejandro,Romero,Especialista en Soporte Técnico,Soporte Técnico,2023-10-29,54444,2
EMP-1285,Carlos,Pérez,Data Scientist,Ingeniería,2023-02-18,49959,2
EMP-1286,Paula,Al-Fayed,Especialista en Ventas,Ventas,2024-02-27,36616,2
EMP-1287,Paula,Domínguez,Especialista en Recursos Humanos,Recursos Humanos,2022-11-29,33103,1
EMP-1288,Paula,Panda,Especialista en Finanzas,Finanzas,2023-06-03,78904,4
EMP-1289,Paula,Llorens,Especialista en Ventas,Ventas,2022-08-13,38560,2
EMP-1290,Isabel,Hernández,Ingeniero de Machine Learning,Ingeniería,2023-09-02,72564,3
EMP-1291,Paula,Panda,Ingeniero DevOps,Ingeniería,2022-07-06,42245,2
EMP-1292,José,Pérez,Especialista en Marketing,Marketing,2023-06-20,35344,2
EMP-1293,Tariq,Álvarez,Especialista en Refrigeración,Operaciones Verdes,2023-12-22,79708,4
EMP-1294,Laura,Casanova,Especialista en Ventas,Ventas,2022-08-31,64168,3
EMP-1295,Héctor,Álvarez,Ingeniero DevOps,Ingeniería,2024-02-05,30055,1
EMP-1296,Tariq,Álvarez,Especialista en Refrigeración,Operaciones Verdes,2022-07-19,70685,3
EMP-1297,Cozy,Martínez,Especialista en Finanzas,Finanzas,2022-09-05,56339,3
EMP-1298,Carmen,Moreno,Desarrollador Senior,Ingeniería,2023-06-26,51988,2
EMP-1299,Marta,Muñoz,Especialista en Soporte Técnico,Soporte Técnico,2023-12-10,68188,3
EMP-1300,Sergio,Domínguez,Data Scientist,Ingeniería,2023-07-02,79416,4
EMP-1301,Carlos,Díaz,Especialista en Soporte Técnico,Soporte Técnico,2023-02-08,56240,3
EMP-1302,Héctor,Al-Fayed,Data Scientist,Ingeniería,2022-05-31,56779,3
EMP-1303,David,Díaz,Especialista en Ventas,Ventas,2023-11-30,30107,1
EMP-1304,Carlos,Gutiérrez,Especialista en Soporte Técnico,Soporte Técnico,2023-04-26,45547,2
EMP-1305,Paula,Alonso,Desarrollador Junior,Ingeniería,2023-08-21,49989,2
EMP-1306,María,Martín,Especialista en Legal,Legal,2024-02-18,42664,2
EMP-1307,Isabel,García,Especialista en Finanzas,Finanzas,2022-05-11,59557,3
EMP-1308,Cozy,Al-Fayed,Especialista en Ventas,Ventas,2023-05-08,63054,3
EMP-1309,Juan,Torres,Especialista en Finanzas,Finanzas,2023-01-29,73232,3
EMP-1310,María,Gutiérrez,Especialista en Ventas,Ventas,2024-04-25,61374,3
EMP-1311,Alejandro,Martín,Data Scientist,Ingeniería,2022-10-27,43380,2
EMP-1312,Marta,Díaz,Especialista en Marketing,Marketing,2022-04-08,30481,1
EMP-1313,Juan,Álvarez,Especialista en Recursos Humanos,Recursos Humanos,2023-08-06,60394,3
EMP-1314,Héctor,Panda,Especialista en Legal,Legal,2022-11-02,63491,3
EMP-1315,Isabel,Sánchez,Especialista en Finanzas,Finanzas,2022-09-08,26580,1
EMP-1316,Daniel,Hernández,Auditor Green Ops,Operaciones Verdes,2022-09-20,71530,3
EMP-1317,Javier,Jiménez,Especialista en Ventas,Ventas,2022-12-12,54759,2
EMP-1318,Javier,Sánchez,Ingeniero de Eficiencia Energética,Operaciones Verdes,2024-04-08,76127,4
EMP-1319,María,Muñoz,Técnico de Data Center,Operaciones Verdes,2023-05-13,46121,2
EMP-1320,Carlos,Llorens,Desarrollador Senior,Ingeniería,2024-04-20,76843,4
EMP-1321,Carmen,Muñoz,Especialista en Soporte Técnico,Soporte Técnico,2023-06-17,57994,3
EMP-1322,Marcos,Torres,Data Scientist,Ingeniería,2023-07-13,65325,3
EMP-1323,Tariq,Ruiz,Especialista en Soporte Técnico,Soporte Técnico,2024-04-19,46306,2
EMP-1324,Tariq,Hernández,Técnico de Data Center,Operaciones Verdes,2023-06-05,68287,3
EMP-1325,María,Domínguez,Especialista en Ventas,Ventas,2023-12-16,65992,3
EMP-1326,María,Panda,Desarrollador Junior,Ingeniería,2024-01-26,45986,2
EMP-1327,Elena,Hernández,Ingeniero de Machine Learning,Ingeniería,2023-01-07,50365,2
EMP-1328,Sergio,Jiménez,Especialista en Soporte Técnico,Soporte Técnico,2024-01-15,59812,3
EMP-1329,Pablo,Al-Fayed,Especialista en Refrigeración,Operaciones Verdes,2023-09-23,72982,3
EMP-1330,Tariq,Álvarez,Data Scientist,Ingeniería,2023-03-19,42629,2
EMP-1331,Pablo,Panda,Especialista en Soporte Técnico,Soporte Técnico,2023-04-24,50792,2
EMP-1332,Ana,Martín,Data Scientist,Ingeniería,2023-12-02,56002,3
EMP-1333,Javier,Romero,Data Scientist,Ingeniería,2023-11-15,28778,1
EMP-1334,Laura,Gutiérrez,Especialista en Soporte Técnico,Soporte Técnico,2023-10-08,75279,4
EMP-1335,David,López,Desarrollador Junior,Ingeniería,2023-06-02,63993,3
EMP-1336,Jorge,Torres,Especialista en Soporte Técnico,Soporte Técnico,2023-08-24,31812,1
EMP-1337,Alejandro,Alonso,Especialista en Marketing,Marketing,2023-05-12,52432,2
EMP-1338,Tariq,Romero,Especialista en Soporte Técnico,Soporte Técnico,2023-12-20,56763,3
EMP-1339,Juan,Díaz,Especialista en Marketing,Marketing,2023-01-23,46071,2
EMP-1340,Marta,Llorens,Ingeniero de Eficiencia Energética,Operaciones Verdes,2024-04-17,36772,2
EMP-1341,Laura,Martín,Especialista en Ventas,Ventas,2024-01-11,44694,2
EMP-1342,Juan,Al-Fayed,Especialista en Ventas,Ventas,2023-04-01,66861,3
EMP-1343,Jorge,Gómez,Desarrollador Senior,Ingeniería,2023-10-19,38757,2
EMP-1344,Sofía,Gutiérrez,Auditor Green Ops,Operaciones Verdes,2024-04-21,29681,1
EMP-1345,Marcos,Panda,Auditor Green Ops,Operaciones Verdes,2023-12-14,61443,3
EMP-1346,María,Ruiz,Técnico de Data Center,Operaciones Verdes,2024-01-10,56134,3
EMP-1347,Sofía,Llorens,Especialista en Legal,Legal,2023-10-23,77782,4
EMP-1348,Pablo,Ruiz,Ingeniero de Machine Learning,Ingeniería,2024-01-15,50385,2
EMP-1349,David,Llorens,Ingeniero de Machine Learning,Ingeniería,2023-11-16,52694,2
EMP-1350,Paula,Domínguez,Data Scientist,Ingeniería,2023-07-01,26683,1
EMP-1351,Sergio,Navarro,Especialista en Ventas,Ventas,2022-09-21,59162,3
EMP-1352,Sofía,Al-Fayed,Especialista en Recursos Humanos,Recursos Humanos,2023-09-17,43441,2
EMP-1353,Juan,Muñoz,Especialista en Refrigeración,Operaciones Verdes,2022-11-25,67915,3
EMP-1354,Sofía,Gómez,Data Scientist,Ingeniería,2023-06-08,49836,2
EMP-1355,David,Jiménez,Arquitecto Cloud,Ingeniería,2022-07-19,69272,3
EMP-1356,Carmen,García,Ingeniero de Eficiencia Energética,Operaciones Verdes,2023-09-21,71611,3
EMP-1357,Carlos,Llorens,Data Scientist,Ingeniería,2023-02-23,76498,4
EMP-1358,Laura,Martín,Data Scientist,Ingeniería,2022-04-10,27900,1
EMP-1359,Isabel,López,Auditor Green Ops,Operaciones Verdes,2023-06-22,25833,1
EMP-1360,Pablo,Torres,Especialista en Marketing,Marketing,2023-08-25,75943,4
EMP-1361,Paula,Hernández,Especialista en Refrigeración,Operaciones Verdes,2022-07-27,78196,4
EMP-1362,José,Casanova,Desarrollador Senior,Ingeniería,2023-11-09,43070,2
EMP-1363,Lucía,Gutiérrez,Auditor Green Ops,Operaciones Verdes,2022-07-12,72814,3
EMP-1364,Isabel,Torres,Desarrollador Junior,Ingeniería,2022-08-03,26759,1
EMP-1365,Carmen,Navarro,Desarrollador Junior,Ingeniería,2023-11-27,70564,3
EMP-1366,Pablo,Sánchez,Especialista en Finanzas,Finanzas,2022-10-03,66489,3
EMP-1367,Javier,Moreno,Especialista en Soporte Técnico,Soporte Técnico,2023-04-26,54166,2
EMP-1368,Lucía,Hernández,Arquitecto Cloud,Ingeniería,2023-03-25,56869,3
EMP-1369,Jorge,Navarro,Especialista en Refrigeración,Operaciones Verdes,2024-04-15,68273,3
EMP-1370,Sergio,Gómez,Data Scientist,Ingeniería,2023-03-07,64298,3
EMP-1371,Laura,Alonso,Desarrollador Junior,Ingeniería,2022-04-16,33920,1
EMP-1372,Javier,Moreno,Ingeniero de Eficiencia Energética,Operaciones Verdes,2022-10-22,53566,2
EMP-1373,Laura,López,Especialista en Ventas,Ventas,2023-10-12,38862,2
EMP-1374,Alejandro,Martín,Técnico de Data Center,Operaciones Verdes,2023-06-09,29471,1
EMP-1375,Carmen,Romero,Desarrollador Junior,Ingeniería,2022-08-01,31272,1
EMP-1376,Elena,Navarro,Especialista en Soporte Técnico,Soporte Técnico,2023-03-24,48508,2
EMP-1377,Elena,Domínguez,Especialista en Marketing,Marketing,2023-10-20,45254,2
EMP-1378,Ana,Casanova,Ingeniero de Machine Learning,Ingeniería,2023-08-28,45166,2
EMP-1379,Tariq,Martínez,Ingeniero DevOps,Ingeniería,2024-02-24,32341,1
EMP-1380,Elena,Navarro,Especialista en Ventas,Ventas,2022-10-08,28058,1
EMP-1381,José,Pérez,Especialista en Legal,Legal,2022-08-16,62266,3
EMP-1382,Marcos,Díaz,Especialista en Finanzas,Finanzas,2022-05-25,41316,2
EMP-1383,Carmen,Martín,Ingeniero de Machine Learning,Ingeniería,2023-10-27,45725,2
EMP-1384,Héctor,Jiménez,Ingeniero de Machine Learning,Ingeniería,2023-09-05,41030,2
EMP-1385,Pablo,Martín,Desarrollador Senior,Ingeniería,2023-10-27,38860,2
EMP-1386,Elena,Moreno,Arquitecto Cloud,Ingeniería,2022-07-17,31291,1
EMP-1387,Pablo,Ruiz,Ingeniero de Machine Learning,Ingeniería,2023-06-26,33438,1
EMP-1388,Daniel,Díaz,Desarrollador Senior,Ingeniería,2023-11-07,70420,3
EMP-1389,Héctor,Domínguez,Especialista en Finanzas,Finanzas,2023-07-11,35091,2
EMP-1390,Laura,Martínez,Especialista en Ventas,Ventas,2023-08-05,50664,2
EMP-1391,Pablo,Romero,Especialista en Ventas,Ventas,2022-11-22,42838,2
EMP-1392,Cozy,Díaz,Desarrollador Senior,Ingeniería,2024-01-04,68213,3
EMP-1393,Cozy,Casanova,Especialista en Soporte Técnico,Soporte Técnico,2022-09-28,25119,1
EMP-1394,Marta,Domínguez,Ingeniero de Machine Learning,Ingeniería,2022-06-19,43751,2
EMP-1395,Marcos,Jiménez,Especialista en Refrigeración,Operaciones Verdes,2022-08-04,69831,3
EMP-1396,Elena,Díaz,Desarrollador Senior,Ingeniería,2023-02-07,72827,3
EMP-1397,Carmen,Álvarez,Especialista en Soporte Técnico,Soporte Técnico,2022-10-28,40627,2
EMP-1398,Jorge,Hernández,Arquitecto Cloud,Ingeniería,2024-03-31,71572,3
EMP-1399,David,Navarro,Data Scientist,Ingeniería,2022-06-03,63307,3
EMP-1400,Paula,Panda,Especialista en Soporte Técnico,Soporte Técnico,2024-04-02,73117,3
EMP-1401,Marta,Hernández,Desarrollador Junior,Ingeniería,2023-07-02,59280,3
EMP-1402,Javier,Llorens,Especialista en Ventas,Ventas,2023-07-18,53437,2
EMP-1403,Lucía,Alonso,Técnico de Data Center,Operaciones Verdes,2022-05-17,76735,4
EMP-1404,Javier,Gómez,Especialista en Legal,Legal,2022-05-08,53957,2
EMP-1405,Pablo,Muñoz,Desarrollador Junior,Ingeniería,2022-10-12,60252,3
EMP-1406,Carmen,Alonso,Especialista en Refrigeración,Operaciones Verdes,2023-05-12,39873,2
EMP-1407,Juan,Domínguez,Especialista en Marketing,Marketing,2023-08-20,47962,2
EMP-1408,David,Jiménez,Especialista en Marketing,Marketing,2022-09-14,33333,1
EMP-1409,Javier,Gómez,Especialista en Finanzas,Finanzas,2023-11-17,65402,3
EMP-1410,José,Díaz,Ingeniero de Machine Learning,Ingeniería,2023-04-01,42322,2
EMP-1411,Elena,Ruiz,Especialista en Marketing,Marketing,2023-01-05,32020,1
EMP-1412,Carmen,Romero,Arquitecto Cloud,Ingeniería,2023-01-15,39678,2
EMP-1413,Tariq,Muñoz,Arquitecto Cloud,Ingeniería,2022-10-26,53306,2
EMP-1414,Héctor,Al-Fayed,Especialista en Recursos Humanos,Recursos Humanos,2023-07-04,66342,3
EMP-1415,Lucía,Jiménez,Especialista en Ventas,Ventas,2023-04-18,63831,3
EMP-1416,Paula,Domínguez,Ingeniero de Machine Learning,Ingeniería,2022-09-25,63742,3
EMP-1417,Carmen,Muñoz,Especialista en Soporte Técnico,Soporte Técnico,2024-01-27,35888,2
EMP-1418,Tariq,Al-Fayed,Especialista en Ventas,Ventas,2023-11-24,51782,2
EMP-1419,Jorge,García,Auditor Green Ops,Operaciones Verdes,2023-05-13,37892,2
EMP-1420,Tariq,García,Especialista en Ventas,Ventas,2022-08-19,58895,3
EMP-1421,Tariq,Gómez,Desarrollador Junior,Ingeniería,2023-08-20,41828,2
EMP-1422,Marcos,Sánchez,Auditor Green Ops,Operaciones Verdes,2022-11-25,43257,2
EMP-1423,Marcos,Pérez,Desarrollador Senior,Ingeniería,2023-06-13,55090,3
EMP-1424,Paula,Navarro,Especialista en Legal,Legal,2022-08-15,34780,1
EMP-1425,Paula,Torres,Especialista en Recursos Humanos,Recursos Humanos,2024-04-30,48889,2
EMP-1426,María,Martín,Auditor Green Ops,Operaciones Verdes,2023-04-15,44926,2
EMP-1427,María,Casanova,Especialista en Ventas,Ventas,2023-06-07,45051,2
EMP-1428,Laura,Alonso,Ingeniero DevOps,Ingeniería,2023-07-30,45343,2
EMP-1429,Laura,Jiménez,Arquitecto Cloud,Ingeniería,2023-01-31,48140,2
EMP-1430,Carmen,Casanova,Especialista en Soporte Técnico,Soporte Técnico,2022-05-08,76672,4
EMP-1431,Marcos,Alonso,Especialista en Ventas,Ventas,2022-09-29,60249,3
EMP-1432,Daniel,Martín,Especialista en Legal,Legal,2023-11-14,33102,1
EMP-1433,Tariq,Gómez,Desarrollador Senior,Ingeniería,2022-08-03,26871,1
EMP-1434,Marcos,Moreno,Especialista en Soporte Técnico,Soporte Técnico,2023-07-05,55206,3
EMP-1435,Daniel,Martínez,Especialista en Ventas,Ventas,2022-09-24,69152,3
EMP-1436,David,Navarro,Técnico de Data Center,Operaciones Verdes,2022-09-15,69497,3
EMP-1437,Marta,Díaz,Especialista en Finanzas,Finanzas,2022-12-12,55855,3
EMP-1438,Isabel,Moreno,Especialista en Legal,Legal,2022-12-04,75017,4
EMP-1439,Alejandro,Casanova,Data Scientist,Ingeniería,2022-05-22,44564,2
EMP-1440,Tariq,Martínez,Especialista en Soporte Técnico,Soporte Técnico,2023-01-16,41350,2
EMP-1441,Sofía,Gómez,Ingeniero de Eficiencia Energética,Operaciones Verdes,2022-05-31,39134,2
EMP-1442,Carmen,Panda,Especialista en Marketing,Marketing,2022-10-09,32006,1
EMP-1443,Marcos,Álvarez,Técnico de Data Center,Operaciones Verdes,2022-12-23,63272,3
EMP-1444,Javier,Sánchez,Especialista en Marketing,Marketing,2022-12-27,26413,1
EMP-1445,Juan,Sánchez,Especialista en Legal,Legal,2022-05-25,64075,3
EMP-1446,Héctor,Sánchez,Ingeniero de Eficiencia Energética,Operaciones Verdes,2023-10-24,63016,3
EMP-1447,Paula,Al-Fayed,Auditor Green Ops,Operaciones Verdes,2024-01-21,71439,3
EMP-1448,Cozy,Navarro,Especialista en Ventas,Ventas,2022-06-27,32606,1
EMP-1449,Lucía,Romero,Especialista en Ventas,Ventas,2022-11-18,69201,3
EMP-1450,David,Navarro,Desarrollador Junior,Ingeniería,2024-04-10,35623,2
EMP-1451,Carmen,Muñoz,Especialista en Soporte Técnico,Soporte Técnico,2024-02-09,68145,3
EMP-1452,Alejandro,Pérez,Especialista en Soporte Técnico,Soporte Técnico,2022-09-14,32376,1
EMP-1453,Marta,Romero,Especialista en Ventas,Ventas,2023-08-04,48514,2
EMP-1454,Carlos,Panda,Arquitecto Cloud,Ingeniería,2022-06-19,71734,3
EMP-1455,David,Martín,Especialista en Marketing,Marketing,2023-12-26,38315,2
EMP-1456,Juan,Pérez,Especialista en Legal,Legal,2022-07-05,33024,1
EMP-1457,Javier,Gómez,Auditor Green Ops,Operaciones Verdes,2022-10-19,72444,3
EMP-1458,Cozy,Sánchez,Ingeniero DevOps,Ingeniería,2024-03-12,37235,2
EMP-1459,Sofía,Ruiz,Técnico de Data Center,Operaciones Verdes,2022-04-13,31740,1
EMP-1460,Cozy,Romero,Especialista en Soporte Técnico,Soporte Técnico,2023-12-25,40989,2
EMP-1461,Tariq,Romero,Ingeniero de Machine Learning,Ingeniería,2023-05-01,55342,3
EMP-1462,Ana,Díaz,Especialista en Ventas,Ventas,2023-08-18,33219,1
EMP-1463,Marta,Navarro,Ingeniero de Machine Learning,Ingeniería,2023-05-27,74171,3
EMP-1464,Carmen,Álvarez,Arquitecto Cloud,Ingeniería,2022-08-24,71180,3
EMP-1465,Alejandro,Panda,Desarrollador Senior,Ingeniería,2024-03-28,49626,2
EMP-1466,Alejandro,Torres,Ingeniero DevOps,Ingeniería,2022-08-05,52167,2
EMP-1467,Laura,Casanova,Especialista en Legal,Legal,2022-07-06,72007,3
EMP-1468,Javier,Navarro,Ingeniero DevOps,Ingeniería,2023-04-17,41435,2
EMP-1469,Isabel,García,Especialista en Marketing,Marketing,2022-10-23,78167,4
EMP-1470,Jorge,Gutiérrez,Ingeniero DevOps,Ingeniería,2022-12-02,27395,1
EMP-1471,María,Casanova,Especialista en Legal,Legal,2022-09-15,60076,3
EMP-1472,José,Romero,Especialista en Ventas,Ventas,2024-02-06,29143,1
EMP-1473,David,Llorens,Ingeniero de Machine Learning,Ingeniería,2023-01-31,28211,1
EMP-1474,Juan,Hernández,Ingeniero DevOps,Ingeniería,2022-05-21,79477,4
EMP-1475,Carmen,Gutiérrez,Desarrollador Junior,Ingeniería,2023-04-28,38868,2
EMP-1476,David,Martín,Auditor Green Ops,Operaciones Verdes,2022-05-02,74384,3
EMP-1477,María,García,Especialista en Soporte Técnico,Soporte Técnico,2022-04-11,35779,2
EMP-1478,María,Al-Fayed,Ingeniero de Eficiencia Energética,Operaciones Verdes,2024-01-20,48345,2
EMP-1479,Carlos,Navarro,Data Scientist,Ingeniería,2024-01-20,31578,1
EMP-1480,Paula,Domínguez,Especialista en Soporte Técnico,Soporte Técnico,2022-10-10,50975,2
EMP-1481,David,Al-Fayed,Desarrollador Junior,Ingeniería,2024-03-18,79977,4
EMP-1482,Javier,Navarro,Desarrollador Senior,Ingeniería,2022-09-03,25633,1
EMP-1483,Sofía,Alonso,Data Scientist,Ingeniería,2022-07-01,73844,3
EMP-1484,Héctor,Al-Fayed,Especialista en Refrigeración,Operaciones Verdes,2023-04-18,28598,1
EMP-1485,Ana,Gutiérrez,Especialista en Ventas,Ventas,2022-10-08,52196,2
EMP-1486,Cozy,Ruiz,Especialista en Finanzas,Finanzas,2024-03-16,35970,2
EMP-1487,David,López,Especialista en Ventas,Ventas,2022-09-01,77649,4
EMP-1488,Paula,Martínez,Ingeniero de Machine Learning,Ingeniería,2023-12-11,58824,3
EMP-1489,Javier,Llorens,Desarrollador Junior,Ingeniería,2022-07-31,68731,3
EMP-1490,Sofía,Jiménez,Desarrollador Junior,Ingeniería,2022-11-23,56752,3
EMP-1491,José,Muñoz,Ingeniero de Machine Learning,Ingeniería,2023-10-30,54609,2
EMP-1492,Lucía,Domínguez,Especialista en Marketing,Marketing,2022-05-02,44021,2
EMP-1493,Sofía,Sánchez,Especialista en Refrigeración,Operaciones Verdes,2022-11-04,54691,2
EMP-1494,Marcos,Martínez,Desarrollador Junior,Ingeniería,2023-09-20,74700,3
EMP-1495,Elena,Martínez,Ingeniero de Eficiencia Energética,Operaciones Verdes,2022-10-02,69860,3
EMP-1496,Carmen,Romero,Ingeniero DevOps,Ingeniería,2022-11-11,62431,3
EMP-1497,María,Llorens,Especialista en Soporte Técnico,Soporte Técnico,2022-05-01,61033,3
EMP-1498,Elena,López,Ingeniero DevOps,Ingeniería,2023-11-07,43312,2
EMP-1499,Marta,Muñoz,Especialista en Ventas,Ventas,2022-06-21,36467,2
EMP-1500,Marta,Ruiz,Auditor Green Ops,Operaciones Verdes,2022-12-04,47243,2
EMP-1501,Carlos,Navarro,Especialista en Ventas,Ventas,2023-02-01,38806,2
EMP-1502,Marcos,Llorens,Auditor Green Ops,Operaciones Verdes,2022-05-10,74258,3
EMP-1503,Javier,Romero,Desarrollador Junior,Ingeniería,2024-02-24,78738,4
EMP-1504,Carmen,Álvarez,Desarrollador Senior,Ingeniería,2023-03-01,45232,2
EMP-1505,Sergio,Martínez,Especialista en Recursos Humanos,Recursos Humanos,2022-09-18,43045,2
EMP-1506,Juan,Pérez,Ingeniero de Machine Learning,Ingeniería,2023-07-16,51696,2
EMP-1507,Laura,García,Ingeniero DevOps,Ingeniería,2023-02-28,72502,3
EMP-1508,Daniel,Martín,Especialista en Recursos Humanos,Recursos Humanos,2022-12-27,77046,4
EMP-1509,Marta,Torres,Especialista en Marketing,Marketing,2022-12-23,76478,4
EMP-1510,Cozy,Torres,Especialista en Ventas,Ventas,2024-04-26,31339,1
EMP-1511,Ana,Ruiz,Ingeniero de Machine Learning,Ingeniería,2023-11-10,31111,1
EMP-1512,Lucía,Martínez,Especialista en Marketing,Marketing,2023-07-30,25859,1
EMP-1513,Sergio,Alonso,Data Scientist,Ingeniería,2024-01-28,74041,3
EMP-1514,Lucía,Moreno,Especialista en Soporte Técnico,Soporte Técnico,2022-06-11,28019,1
EMP-1515,Pablo,Gómez,Especialista en Ventas,Ventas,2023-06-08,46066,2
EMP-1516,Javier,López,Ingeniero de Machine Learning,Ingeniería,2022-09-27,61251,3
EMP-1517,Marcos,Domínguez,Desarrollador Junior,Ingeniería,2023-09-28,33438,1
EMP-1518,Juan,Moreno,Ingeniero de Machine Learning,Ingeniería,2023-05-12,26228,1
EMP-1519,Sofía,Navarro,Ingeniero de Machine Learning,Ingeniería,2024-01-04,65214,3
EMP-1520,Lucía,Álvarez,Ingeniero de Machine Learning,Ingeniería,2023-08-01,52345,2
EMP-1521,Marta,López,Especialista en Ventas,Ventas,2024-04-26,31373,1
EMP-1522,Pablo,Pérez,Desarrollador Senior,Ingeniería,2022-12-06,58202,3
EMP-1523,Elena,Martín,Especialista en Marketing,Marketing,2022-08-28,79516,4
EMP-1524,Sofía,García,Especialista en Soporte Técnico,Soporte Técnico,2024-02-06,73462,3
EMP-1525,Alejandro,Álvarez,Desarrollador Senior,Ingeniería,2024-02-02,68517,3
EMP-1526,María,Alonso,Arquitecto Cloud,Ingeniería,2023-11-07,78818,4
EMP-1527,Marta,Díaz,Especialista en Ventas,Ventas,2022-04-15,43392,2
EMP-1528,Ana,Gómez,Técnico de Data Center,Operaciones Verdes,2022-10-04,42475,2
EMP-1529,Pablo,Moreno,Auditor Green Ops,Operaciones Verdes,2022-10-11,31111,1
EMP-1530,Daniel,Muñoz,Especialista en Marketing,Marketing,2023-04-07,28524,1
EMP-1531,Carlos,Panda,Ingeniero DevOps,Ingeniería,2023-01-09,73972,3
EMP-1532,Laura,Romero,Especialista en Soporte Técnico,Soporte Técnico,2024-02-07,31347,1
EMP-1533,Javier,Domínguez,Especialista en Ventas,Ventas,2022-09-14,38034,2
EMP-1534,Pablo,Gutiérrez,Especialista en Ventas,Ventas,2022-09-25,78192,4
EMP-1535,Paula,Ruiz,Especialista en Finanzas,Finanzas,2024-03-19,35738,2
EMP-1536,Jorge,Torres,Técnico de Data Center,Operaciones Verdes,2023-11-10,40686,2
EMP-1537,Carmen,Sánchez,Desarrollador Senior,Ingeniería,2022-04-09,41314,2
EMP-1538,Marta,Díaz,Ingeniero de Eficiencia Energética,Operaciones Verdes,2023-01-12,78416,4
EMP-1539,Héctor,Moreno,Ingeniero de Eficiencia Energética,Operaciones Verdes,2023-12-08,53135,2
EMP-1540,Juan,Navarro,Data Scientist,Ingeniería,2022-09-24,33784,1
EMP-1541,Sofía,Álvarez,Desarrollador Senior,Ingeniería,2023-03-21,71680,3
EMP-1542,Sofía,Domínguez,Desarrollador Senior,Ingeniería,2023-03-17,76890,4
EMP-1543,Pablo,Gutiérrez,Especialista en Finanzas,Finanzas,2022-12-30,53536,2
EMP-1544,José,Gómez,Data Scientist,Ingeniería,2023-01-07,73593,3
EMP-1545,David,Gómez,Desarrollador Senior,Ingeniería,2022-09-08,79469,4
EMP-1546,Marta,Torres,Especialista en Ventas,Ventas,2023-09-04,60791,3
EMP-1547,María,Gutiérrez,Especialista en Soporte Técnico,Soporte Técnico,2023-02-01,66813,3
EMP-1548,Daniel,Jiménez,Especialista en Finanzas,Finanzas,2023-03-25,25067,1
EMP-1549,Tariq,Ruiz,Auditor Green Ops,Operaciones Verdes,2024-02-28,33356,1
EMP-1550,Ana,García,Desarrollador Senior,Ingeniería,2023-09-05,63151,3
EMP-1551,Isabel,Panda,Especialista en Ventas,Ventas,2023-01-18,78129,4
EMP-1552,David,Alonso,Ingeniero DevOps,Ingeniería,2023-08-04,66761,3
EMP-1553,Jorge,Navarro,Data Scientist,Ingeniería,2022-05-30,35446,2
EMP-1554,David,Torres,Ingeniero de Eficiencia Energética,Operaciones Verdes,2022-10-15,62782,3
EMP-1555,Lucía,Hernández,Desarrollador Junior,Ingeniería,2023-06-17,30033,1
EMP-1556,Marta,Díaz,Especialista en Ventas,Ventas,2022-12-07,78630,4
EMP-1557,Sofía,Álvarez,Especialista en Finanzas,Finanzas,2023-01-31,64471,3
EMP-1558,Daniel,Ruiz,Desarrollador Junior,Ingeniería,2022-12-21,64557,3
EMP-1559,Marta,Jiménez,Auditor Green Ops,Operaciones Verdes,2023-10-15,60461,3
EMP-1560,Laura,Jiménez,Especialista en Ventas,Ventas,2022-09-06,55030,3
EMP-1561,Isabel,Álvarez,Especialista en Ventas,Ventas,2022-07-04,47362,2
EMP-1562,Paula,Romero,Data Scientist,Ingeniería,2022-06-14,28277,1
EMP-1563,Sergio,Martínez,Especialista en Ventas,Ventas,2023-09-16,52094,2
EMP-1564,Daniel,Jiménez,Auditor Green Ops,Operaciones Verdes,2023-03-14,63927,3
EMP-1565,Ana,Gómez,Ingeniero de Machine Learning,Ingeniería,2022-06-01,41288,2
EMP-1566,Daniel,García,Auditor Green Ops,Operaciones Verdes,2023-07-30,57153,3
EMP-1567,Juan,Ruiz,Desarrollador Senior,Ingeniería,2022-10-31,32474,1
EMP-1568,Ana,Llorens,Desarrollador Junior,Ingeniería,2022-10-22,70670,3
EMP-1569,Marta,Navarro,Especialista en Recursos Humanos,Recursos Humanos,2023-11-10,36703,2
EMP-1570,Pablo,Álvarez,Especialista en Soporte Técnico,Soporte Técnico,2024-03-19,45360,2
EMP-1571,Ana,Martín,Ingeniero DevOps,Ingeniería,2023-05-02,68059,3
EMP-1572,Marta,Romero,Especialista en Soporte Técnico,Soporte Técnico,2023-01-30,56319,3
EMP-1573,Carmen,Moreno,Data Scientist,Ingeniería,2024-03-02,38556,2
EMP-1574,David,Gutiérrez,Desarrollador Senior,Ingeniería,2022-12-08,31954,1
EMP-1575,Marcos,López,Especialista en Refrigeración,Operaciones Verdes,2023-04-16,56571,3
EMP-1576,Juan,Domínguez,Desarrollador Senior,Ingeniería,2023-01-20,68410,3
EMP-1577,Isabel,Alonso,Data Scientist,Ingeniería,2024-01-16,31585,1
EMP-1578,Marta,Domínguez,Especialista en Ventas,Ventas,2022-07-12,77282,4
EMP-1579,María,Jiménez,Data Scientist,Ingeniería,2022-12-07,28025,1
EMP-1580,Sofía,Casanova,Especialista en Ventas,Ventas,2022-11-28,52300,2
EMP-1581,María,Hernández,Ingeniero de Machine Learning,Ingeniería,2023-10-14,53876,2
EMP-1582,María,Muñoz,Especialista en Ventas,Ventas,2022-05-27,27777,1
EMP-1583,Elena,Martín,Arquitecto Cloud,Ingeniería,2023-12-23,39273,2
EMP-1584,Marcos,Hernández,Especialista en Soporte Técnico,Soporte Técnico,2023-02-23,38746,2
EMP-1585,Héctor,Álvarez,Ingeniero de Machine Learning,Ingeniería,2022-07-26,29741,1
EMP-1586,Ana,Gutiérrez,Especialista en Finanzas,Finanzas,2024-04-28,67452,3
EMP-1587,Sofía,Pérez,Ingeniero de Machine Learning,Ingeniería,2024-03-18,45674,2
EMP-1588,Laura,Moreno,Desarrollador Junior,Ingeniería,2024-04-13,62088,3
EMP-1589,Sofía,Romero,Especialista en Refrigeración,Operaciones Verdes,2022-07-30,34136,1
EMP-1590,Carmen,Casanova,Especialista en Ventas,Ventas,2023-10-07,45096,2
EMP-1591,Javier,Alonso,Desarrollador Senior,Ingeniería,2023-11-22,41611,2
EMP-1592,María,López,Técnico de Data Center,Operaciones Verdes,2024-02-04,70540,3
EMP-1593,Sofía,Sánchez,Especialista en Soporte Técnico,Soporte Técnico,2023-09-13,71075,3
EMP-1594,Marta,Pérez,Especialista en Recursos Humanos,Recursos Humanos,2023-10-04,61761,3
EMP-1595,Marta,Martín,Ingeniero DevOps,Ingeniería,2023-11-08,69410,3
EMP-1596,Ana,Moreno,Especialista en Ventas,Ventas,2022-10-29,77315,4
EMP-1597,José,Moreno,Desarrollador Junior,Ingeniería,2022-12-05,27509,1
EMP-1598,Pablo,Díaz,Especialista en Marketing,Marketing,2022-04-04,26465,1
EMP-1599,José,Pérez,Técnico de Data Center,Operaciones Verdes,2022-04-23,71050,3
EMP-1600,Sofía,Díaz,Arquitecto Cloud,Ingeniería,2022-11-15,72555,3
EMP-1601,Juan,López,Data Scientist,Ingeniería,2024-01-28,65123,3
EMP-1602,Marcos,Moreno,Ingeniero de Eficiencia Energética,Operaciones Verdes,2023-12-26,58403,3
EMP-1603,Isabel,Panda,Especialista en Ventas,Ventas,2024-02-11,35454,2
EMP-1604,Carlos,García,Especialista en Soporte Técnico,Soporte Técnico,2023-02-19,40036,2
EMP-1605,Jorge,Llorens,Desarrollador Senior,Ingeniería,2023-10-03,77929,4
EMP-1606,Alejandro,Díaz,Especialista en Soporte Técnico,Soporte Técnico,2023-02-14,75136,4
EMP-1607,Pablo,Ruiz,Especialista en Soporte Técnico,Soporte Técnico,2022-08-04,67516,3
EMP-1608,Jorge,Sánchez,Especialista en Ventas,Ventas,2024-04-20,67642,3
EMP-1609,Juan,Alonso,Desarrollador Senior,Ingeniería,2023-01-18,63018,3
EMP-1610,Carlos,Moreno,Ingeniero DevOps,Ingeniería,2023-08-04,51628,2
EMP-1611,David,Ruiz,Especialista en Marketing,Marketing,2023-03-24,75689,4
EMP-1612,Elena,Jiménez,Ingeniero DevOps,Ingeniería,2023-04-07,45198,2
EMP-1613,Alejandro,Romero,Técnico de Data Center,Operaciones Verdes,2023-03-19,63176,3
EMP-1614,Héctor,Panda,Ingeniero DevOps,Ingeniería,2022-10-21,64039,3
EMP-1615,Ana,Pérez,Desarrollador Senior,Ingeniería,2024-02-12,54944,2
EMP-1616,Daniel,Romero,Especialista en Legal,Legal,2024-03-04,65823,3
EMP-1617,Paula,Moreno,Especialista en Soporte Técnico,Soporte Técnico,2023-08-26,79553,4
EMP-1618,Ana,Domínguez,Especialista en Soporte Técnico,Soporte Técnico,2023-09-04,68580,3
EMP-1619,Sergio,Navarro,Especialista en Soporte Técnico,Soporte Técnico,2023-03-11,42754,2
EMP-1620,Sofía,Gómez,Desarrollador Senior,Ingeniería,2023-07-06,51049,2
EMP-1621,Tariq,Jiménez,Ingeniero de Machine Learning,Ingeniería,2024-04-06,47586,2
EMP-1622,Lucía,Martín,Especialista en Soporte Técnico,Soporte Técnico,2023-12-25,59478,3
EMP-1623,Sofía,Jiménez,Especialista en Soporte Técnico,Soporte Técnico,2023-05-30,35761,2
EMP-1624,Jorge,Al-Fayed,Técnico de Data Center,Operaciones Verdes,2022-08-23,75599,4
EMP-1625,Paula,Ruiz,Data Scientist,Ingeniería,2024-02-26,73462,3
EMP-1626,Marta,Moreno,Técnico de Data Center,Operaciones Verdes,2022-06-24,64292,3
EMP-1627,Jorge,Sánchez,Desarrollador Junior,Ingeniería,2023-08-11,51493,2
EMP-1628,María,García,Especialista en Legal,Legal,2024-01-07,59316,3
EMP-1629,Carmen,Navarro,Especialista en Ventas,Ventas,2022-10-27,54058,2
EMP-1630,Sergio,Gutiérrez,Desarrollador Senior,Ingeniería,2024-03-09,77272,4
EMP-1631,Sofía,Pérez,Especialista en Refrigeración,Operaciones Verdes,2023-01-09,51449,2
EMP-1632,Isabel,Álvarez,Ingeniero DevOps,Ingeniería,2022-10-01,65534,3
EMP-1633,Tariq,Alonso,Arquitecto Cloud,Ingeniería,2024-01-09,46799,2
EMP-1634,Elena,López,Especialista en Ventas,Ventas,2022-04-22,46594,2
EMP-1635,Tariq,Hernández,Ingeniero de Machine Learning,Ingeniería,2023-02-24,62983,3
EMP-1636,Pablo,Navarro,Auditor Green Ops,Operaciones Verdes,2022-07-11,45560,2
EMP-1637,Isabel,Panda,Arquitecto Cloud,Ingeniería,2023-02-28,71565,3
EMP-1638,José,Gómez,Ingeniero de Machine Learning,Ingeniería,2023-11-04,49527,2
EMP-1639,Sofía,Martínez,Arquitecto Cloud,Ingeniería,2023-07-01,37566,2
EMP-1640,Elena,Torres,Especialista en Soporte Técnico,Soporte Técnico,2022-11-25,48613,2
EMP-1641,Javier,Gutiérrez,Arquitecto Cloud,Ingeniería,2024-02-10,43861,2
EMP-1642,Isabel,Jiménez,Arquitecto Cloud,Ingeniería,2023-03-29,77310,4
EMP-1643,Elena,Muñoz,Especialista en Ventas,Ventas,2023-04-07,62705,3
EMP-1644,María,Ruiz,Desarrollador Senior,Ingeniería,2022-09-24,57552,3
EMP-1645,María,López,Especialista en Ventas,Ventas,2024-02-06,42925,2
EMP-1646,Alejandro,López,Especialista en Soporte Técnico,Soporte Técnico,2023-04-23,66582,3
EMP-1647,Elena,García,Especialista en Soporte Técnico,Soporte Técnico,2024-01-18,26347,1
EMP-1648,José,Martínez,Especialista en Soporte Técnico,Soporte Técnico,2023-07-17,43476,2
EMP-1649,Carlos,Muñoz,Ingeniero de Eficiencia Energética,Operaciones Verdes,2022-07-16,43782,2
EMP-1650,Javier,Ruiz,Especialista en Legal,Legal,2024-03-18,53237,2
EMP-1651,Daniel,Romero,Ingeniero de Eficiencia Energética,Operaciones Verdes,2022-04-05,25221,1
EMP-1652,Alejandro,López,Desarrollador Junior,Ingeniería,2023-12-25,37927,2
EMP-1653,Alejandro,García,Especialista en Ventas,Ventas,2023-11-29,56388,3
EMP-1654,Carmen,Díaz,Especialista en Refrigeración,Operaciones Verdes,2023-09-18,65307,3
EMP-1655,Pablo,Hernández,Desarrollador Senior,Ingeniería,2022-09-10,74698,3
EMP-1656,Carlos,Hernández,Data Scientist,Ingeniería,2023-06-10,38276,2
EMP-1657,Marta,Martín,Ingeniero de Eficiencia Energética,Operaciones Verdes,2023-06-08,26261,1
EMP-1658,Juan,Panda,Arquitecto Cloud,Ingeniería,2022-09-26,31547,1
EMP-1659,Tariq,Martín,Especialista en Soporte Técnico,Soporte Técnico,2023-12-04,76109,4
EMP-1660,Cozy,Al-Fayed,Especialista en Ventas,Ventas,2022-10-31,78044,4
EMP-1661,Carmen,Romero,Especialista en Ventas,Ventas,2024-02-14,42630,2
EMP-1662,Alejandro,Martínez,Desarrollador Senior,Ingeniería,2023-03-18,42240,2
EMP-1663,Jorge,Moreno,Especialista en Ventas,Ventas,2024-04-23,32873,1
EMP-1664,Laura,Díaz,Especialista en Marketing,Marketing,2022-10-31,37601,2
EMP-1665,Juan,López,Arquitecto Cloud,Ingeniería,2024-02-28,46888,2
EMP-1666,Sofía,Álvarez,Desarrollador Junior,Ingeniería,2022-05-02,30121,1
EMP-1667,Sergio,Llorens,Arquitecto Cloud,Ingeniería,2022-11-03,39221,2
EMP-1668,Elena,García,Especialista en Soporte Técnico,Soporte Técnico,2023-02-18,51069,2
EMP-1669,Carlos,Martín,Ingeniero DevOps,Ingeniería,2024-04-07,76938,4
EMP-1670,Alejandro,Álvarez,Desarrollador Junior,Ingeniería,2023-08-15,66052,3
EMP-1671,Cozy,Moreno,Especialista en Refrigeración,Operaciones Verdes,2022-04-18,67161,3
EMP-1672,Daniel,Panda,Especialista en Soporte Técnico,Soporte Técnico,2023-01-31,68772,3
EMP-1673,Cozy,Jiménez,Arquitecto Cloud,Ingeniería,2024-03-10,76365,4
EMP-1674,Sergio,López,Ingeniero de Machine Learning,Ingeniería,2022-05-20,52914,2
EMP-1675,Isabel,Navarro,Ingeniero DevOps,Ingeniería,2024-04-08,34280,1
EMP-1676,David,Martín,Especialista en Soporte Técnico,Soporte Técnico,2023-07-06,70763,3
EMP-1677,María,Gómez,Especialista en Soporte Técnico,Soporte Técnico,2022-12-31,65022,3
EMP-1678,Alejandro,Ruiz,Especialista en Ventas,Ventas,2023-01-01,45617,2
EMP-1679,Ana,Gómez,Especialista en Finanzas,Finanzas,2023-11-02,31658,1
EMP-1680,Juan,Jiménez,Especialista en Refrigeración,Operaciones Verdes,2022-10-02,74897,3
EMP-1681,Daniel,Panda,Desarrollador Junior,Ingeniería,2022-10-07,60994,3
EMP-1682,Laura,Muñoz,Especialista en Soporte Técnico,Soporte Técnico,2024-01-12,69195,3
EMP-1683,Marta,Romero,Especialista en Marketing,Marketing,2022-12-07,58655,3
EMP-1684,Isabel,Torres,Ingeniero de Eficiencia Energética,Operaciones Verdes,2024-01-13,62978,3
EMP-1685,Pablo,Romero,Especialista en Finanzas,Finanzas,2022-09-23,26297,1
EMP-1686,Cozy,Díaz,Especialista en Recursos Humanos,Recursos Humanos,2023-02-11,74922,3
EMP-1687,Carlos,Casanova,Especialista en Legal,Legal,2024-01-17,71908,3
EMP-1688,Lucía,Al-Fayed,Arquitecto Cloud,Ingeniería,2022-04-27,44843,2
EMP-1689,Javier,Gutiérrez,Arquitecto Cloud,Ingeniería,2022-04-09,60758,3
EMP-1690,Sergio,Llorens,Especialista en Recursos Humanos,Recursos Humanos,2022-05-09,30028,1
EMP-1691,Sofía,Llorens,Ingeniero DevOps,Ingeniería,2023-12-17,28503,1
EMP-1692,Carmen,Muñoz,Especialista en Recursos Humanos,Recursos Humanos,2024-03-01,44917,2
EMP-1693,José,Muñoz,Especialista en Legal,Legal,2022-12-20,73183,3
EMP-1694,Sergio,Panda,Desarrollador Junior,Ingeniería,2024-04-09,51122,2
EMP-1695,Carmen,Álvarez,Especialista en Soporte Técnico,Soporte Técnico,2024-03-30,63564,3
EMP-1696,José,Torres,Especialista en Marketing,Marketing,2024-01-25,45926,2
EMP-1697,José,Moreno,Desarrollador Senior,Ingeniería,2022-07-23,58411,3
EMP-1698,Marta,Díaz,Desarrollador Senior,Ingeniería,2024-02-22,33081,1
EMP-1699,Isabel,Hernández,Especialista en Ventas,Ventas,2023-04-20,43514,2
EMP-1700,Tariq,Gómez,Auditor Green Ops,Operaciones Verdes,2022-05-28,29513,1
EMP-1701,Pablo,García,Especialista en Soporte Técnico,Soporte Técnico,2024-01-27,49741,2
EMP-1702,Javier,Martínez,Especialista en Recursos Humanos,Recursos Humanos,2023-04-14,42003,2
EMP-1703,Carlos,Gómez,Desarrollador Junior,Ingeniería,2022-10-26,47769,2
EMP-1704,Sofía,López,Ingeniero DevOps,Ingeniería,2022-04-10,65831,3
EMP-1705,Tariq,Martín,Ingeniero de Machine Learning,Ingeniería,2023-03-17,65840,3
EMP-1706,Jorge,Jiménez,Especialista en Refrigeración,Operaciones Verdes,2023-01-08,26991,1
EMP-1707,Héctor,Gómez,Especialista en Finanzas,Finanzas,2023-08-11,53848,2
EMP-1708,Javier,Martín,Especialista en Soporte Técnico,Soporte Técnico,2022-09-01,63610,3
EMP-1709,Juan,Torres,Especialista en Soporte Técnico,Soporte Técnico,2022-06-19,32253,1
EMP-1710,Sergio,Domínguez,Especialista en Soporte Técnico,Soporte Técnico,2024-02-29,25662,1
EMP-1711,Marcos,Pérez,Especialista en Ventas,Ventas,2023-07-20,68909,3
EMP-1712,Carmen,Alonso,Especialista en Recursos Humanos,Recursos Humanos,2023-05-18,39800,2
EMP-1713,Ana,López,Desarrollador Junior,Ingeniería,2024-04-13,79342,4
EMP-1714,Alejandro,López,Especialista en Ventas,Ventas,2023-01-11,28516,1
EMP-1715,Elena,Gutiérrez,Arquitecto Cloud,Ingeniería,2023-07-15,68328,3
EMP-1716,Sergio,Hernández,Ingeniero de Eficiencia Energética,Operaciones Verdes,2022-05-26,71712,3
EMP-1717,Cozy,Sánchez,Especialista en Finanzas,Finanzas,2023-05-09,65986,3
EMP-1718,Carlos,Romero,Especialista en Soporte Técnico,Soporte Técnico,2024-02-20,47284,2
EMP-1719,Marta,Pérez,Técnico de Data Center,Operaciones Verdes,2022-10-29,69386,3
EMP-1720,David,Sánchez,Especialista en Refrigeración,Operaciones Verdes,2024-01-10,75728,4
EMP-1721,Carmen,Domínguez,Especialista en Ventas,Ventas,2022-06-25,34154,1
EMP-1722,Ana,López,Técnico de Data Center,Operaciones Verdes,2023-09-28,71028,3
EMP-1723,Lucía,Panda,Ingeniero DevOps,Ingeniería,2022-06-16,79894,4
EMP-1724,Lucía,Navarro,Especialista en Recursos Humanos,Recursos Humanos,2023-06-28,72303,3
EMP-1725,Carlos,López,Ingeniero de Eficiencia Energética,Operaciones Verdes,2022-08-29,43621,2
EMP-1726,Daniel,Panda,Desarrollador Senior,Ingeniería,2023-03-02,68326,3
EMP-1727,Sofía,García,Técnico de Data Center,Operaciones Verdes,2023-05-07,67376,3
EMP-1728,Marcos,Ruiz,Desarrollador Junior,Ingeniería,2023-11-29,74178,3
EMP-1729,Jorge,Sánchez,Especialista en Refrigeración,Operaciones Verdes,2022-06-09,29384,1
EMP-1730,Elena,Sánchez,Auditor Green Ops,Operaciones Verdes,2022-08-04,38687,2
EMP-1731,Jorge,Muñoz,Especialista en Legal,Legal,2022-07-29,65078,3
EMP-1732,Tariq,Ruiz,Ingeniero de Eficiencia Energética,Operaciones Verdes,2023-10-31,49387,2
EMP-1733,Sergio,Martín,Especialista en Finanzas,Finanzas,2023-11-08,45251,2
EMP-1734,Carmen,Domínguez,Desarrollador Senior,Ingeniería,2024-04-03,63943,3
EMP-1735,Carlos,Díaz,Arquitecto Cloud,Ingeniería,2024-01-01,65617,3
EMP-1736,Jorge,Martín,Especialista en Recursos Humanos,Recursos Humanos,2022-11-01,25899,1
EMP-1737,Sofía,Moreno,Especialista en Ventas,Ventas,2024-01-13,42140,2
EMP-1738,Isabel,Domínguez,Especialista en Soporte Técnico,Soporte Técnico,2023-08-01,66227,3
EMP-1739,Lucía,Hernández,Especialista en Recursos Humanos,Recursos Humanos,2022-05-25,35166,2
EMP-1740,Carmen,Panda,Especialista en Recursos Humanos,Recursos Humanos,2022-10-17,37391,2
EMP-1741,Lucía,Díaz,Ingeniero DevOps,Ingeniería,2022-06-14,25489,1
EMP-1742,Sofía,Llorens,Especialista en Ventas,Ventas,2023-07-20,76364,4
EMP-1743,Lucía,Casanova,Desarrollador Junior,Ingeniería,2022-12-20,55572,3
EMP-1744,Marta,López,Data Scientist,Ingeniería,2023-08-25,32212,1
EMP-1745,Javier,Muñoz,Auditor Green Ops,Operaciones Verdes,2024-04-28,50601,2
EMP-1746,Marcos,Díaz,Ingeniero DevOps,Ingeniería,2022-04-26,26871,1
EMP-1747,Cozy,Gutiérrez,Especialista en Legal,Legal,2022-11-06,39667,2
EMP-1748,Jorge,Muñoz,Ingeniero DevOps,Ingeniería,2023-02-16,62568,3
EMP-1749,Daniel,Domínguez,Ingeniero de Eficiencia Energética,Operaciones Verdes,2023-08-28,74883,3
EMP-1750,Laura,Ruiz,Auditor Green Ops,Operaciones Verdes,2023-07-15,59141,3
EMP-1751,Sofía,Martín,Especialista en Ventas,Ventas,2022-07-20,55819,3
EMP-1752,Pablo,Jiménez,Especialista en Refrigeración,Operaciones Verdes,2023-05-29,69522,3
EMP-1753,Marta,Panda,Ingeniero DevOps,Ingeniería,2024-03-21,32390,1
EMP-1754,Héctor,Martín,Especialista en Recursos Humanos,Recursos Humanos,2022-05-15,39177,2
EMP-1755,Laura,Gómez,Ingeniero DevOps,Ingeniería,2023-05-03,52324,2
EMP-1756,Ana,Sánchez,Ingeniero DevOps,Ingeniería,2022-04-05,36665,2
EMP-1757,Sofía,Alonso,Desarrollador Senior,Ingeniería,2024-02-01,71210,3
EMP-1758,David,Gutiérrez,Desarrollador Senior,Ingeniería,2024-02-21,65215,3
EMP-1759,Isabel,Alonso,Desarrollador Senior,Ingeniería,2023-11-08,66269,3
EMP-1760,José,Sánchez,Especialista en Ventas,Ventas,2023-06-02,37793,2
EMP-1761,Marta,Llorens,Especialista en Legal,Legal,2023-08-13,31973,1
EMP-1762,Laura,Díaz,Desarrollador Junior,Ingeniería,2024-04-11,65509,3
EMP-1763,Alejandro,Domínguez,Especialista en Ventas,Ventas,2022-10-15,36135,2
EMP-1764,Tariq,Pérez,Especialista en Recursos Humanos,Recursos Humanos,2023-04-14,56468,3
EMP-1765,Paula,Sánchez,Desarrollador Senior,Ingeniería,2023-10-11,72251,3
EMP-1766,Marcos,Álvarez,Desarrollador Senior,Ingeniería,2024-01-22,57846,3
EMP-1767,Javier,Jiménez,Ingeniero de Machine Learning,Ingeniería,2024-04-12,53921,2
EMP-1768,Daniel,Torres,Ingeniero DevOps,Ingeniería,2022-12-18,77716,4
EMP-1769,María,Díaz,Auditor Green Ops,Operaciones Verdes,2022-09-07,43646,2
EMP-1770,Héctor,Gutiérrez,Especialista en Legal,Legal,2022-11-29,28043,1
EMP-1771,Sergio,Ruiz,Especialista en Refrigeración,Operaciones Verdes,2022-08-10,63594,3
EMP-1772,José,Ruiz,Desarrollador Senior,Ingeniería,2023-03-27,76352,4
EMP-1773,Jorge,Casanova,Especialista en Finanzas,Finanzas,2023-04-30,56035,3
EMP-1774,Pablo,Romero,Especialista en Finanzas,Finanzas,2022-10-23,47776,2
EMP-1775,Ana,López,Especialista en Soporte Técnico,Soporte Técnico,2023-01-20,40316,2
EMP-1776,Héctor,Martínez,Especialista en Ventas,Ventas,2023-01-01,30338,1
EMP-1777,José,Al-Fayed,Desarrollador Senior,Ingeniería,2023-04-24,74998,3
EMP-1778,María,Pérez,Especialista en Legal,Legal,2023-03-12,58129,3
EMP-1779,Elena,Torres,Especialista en Ventas,Ventas,2024-03-25,65207,3
EMP-1780,Marta,Torres,Desarrollador Junior,Ingeniería,2023-06-10,71532,3
EMP-1781,Lucía,Torres,Especialista en Soporte Técnico,Soporte Técnico,2023-01-01,32330,1
EMP-1782,Paula,Al-Fayed,Especialista en Ventas,Ventas,2024-02-19,45772,2
EMP-1783,Jorge,Llorens,Data Scientist,Ingeniería,2023-08-10,36726,2
EMP-1784,Marta,Domínguez,Especialista en Legal,Legal,2022-12-17,74207,3
EMP-1785,Daniel,López,Ingeniero DevOps,Ingeniería,2022-05-20,62157,3
EMP-1786,Pablo,Navarro,Data Scientist,Ingeniería,2022-11-04,54594,2
EMP-1787,Alejandro,Alonso,Ingeniero DevOps,Ingeniería,2023-06-19,37282,2
EMP-1788,Daniel,Casanova,Ingeniero DevOps,Ingeniería,2023-10-22,26540,1
EMP-1789,Carlos,Moreno,Especialista en Legal,Legal,2023-01-09,74699,3
EMP-1790,Marta,Ruiz,Data Scientist,Ingeniería,2023-11-19,62367,3
EMP-1791,Elena,Llorens,Ingeniero de Eficiencia Energética,Operaciones Verdes,2022-07-15,63934,3
EMP-1792,David,Llorens,Ingeniero de Machine Learning,Ingeniería,2022-08-06,78789,4
EMP-1793,Juan,Alonso,Especialista en Ventas,Ventas,2022-10-20,39221,2
EMP-1794,Alejandro,Domínguez,Data Scientist,Ingeniería,2022-11-15,40994,2
EMP-1795,Cozy,Al-Fayed,Especialista en Recursos Humanos,Recursos Humanos,2022-11-24,61672,3
EMP-1796,María,Domínguez,Desarrollador Junior,Ingeniería,2024-04-14,32728,1
EMP-1797,Daniel,Jiménez,Especialista en Ventas,Ventas,2023-03-18,73971,3
EMP-1798,Paula,Al-Fayed,Especialista en Marketing,Marketing,2023-09-26,35711,2
EMP-1799,María,Torres,Ingeniero DevOps,Ingeniería,2024-03-29,43534,2
EMP-1800,Juan,Casanova,Data Scientist,Ingeniería,2023-09-11,48453,2
EMP-1801,Cozy,Llorens,Ingeniero de Eficiencia Energética,Operaciones Verdes,2023-03-16,65719,3
EMP-1802,José,Martín,Especialista en Ventas,Ventas,2022-11-19,53150,2
EMP-1803,Sofía,Ruiz,Auditor Green Ops,Operaciones Verdes,2023-08-28,38801,2
EMP-1804,Paula,Pérez,Técnico de Data Center,Operaciones Verdes,2023-11-24,37080,2
EMP-1805,Cozy,Domínguez,Data Scientist,Ingeniería,2023-07-22,33234,1
EMP-1806,Daniel,Gómez,Ingeniero de Eficiencia Energética,Operaciones Verdes,2022-09-07,51107,2
EMP-1807,Elena,Gómez,Especialista en Ventas,Ventas,2022-10-30,71843,3
EMP-1808,Sergio,Pérez,Especialista en Recursos Humanos,Recursos Humanos,2022-09-09,47609,2
EMP-1809,Pablo,Jiménez,Especialista en Finanzas,Finanzas,2022-08-25,47416,2
EMP-1810,Sofía,López,Ingeniero DevOps,Ingeniería,2023-03-28,74809,3
EMP-1811,David,Al-Fayed,Especialista en Legal,Legal,2022-07-27,52794,2
EMP-1812,Carmen,Torres,Desarrollador Junior,Ingeniería,2023-12-29,69889,3
EMP-1813,Alejandro,Pérez,Ingeniero de Machine Learning,Ingeniería,2022-05-29,51614,2
EMP-1814,Elena,López,Especialista en Finanzas,Finanzas,2024-01-27,49069,2
EMP-1815,Paula,Alonso,Ingeniero de Machine Learning,Ingeniería,2023-10-23,73307,3
EMP-1816,Ana,Casanova,Ingeniero de Eficiencia Energética,Operaciones Verdes,2023-11-07,56344,3
EMP-1817,María,López,Especialista en Ventas,Ventas,2023-02-17,59536,3
EMP-1818,Sofía,Hernández,Ingeniero de Machine Learning,Ingeniería,2022-10-26,62922,3
EMP-1819,Sofía,Gutiérrez,Especialista en Recursos Humanos,Recursos Humanos,2023-11-20,65960,3
EMP-1820,Isabel,Muñoz,Auditor Green Ops,Operaciones Verdes,2022-11-12,37065,2
EMP-1821,Isabel,Álvarez,Especialista en Finanzas,Finanzas,2024-04-22,35110,2
EMP-1822,Marta,Muñoz,Ingeniero de Eficiencia Energética,Operaciones Verdes,2022-06-01,32327,1
EMP-1823,Javier,Álvarez,Especialista en Recursos Humanos,Recursos Humanos,2023-03-23,33124,1
EMP-1824,Lucía,Martínez,Especialista en Legal,Legal,2024-01-10,46303,2
EMP-1825,Carmen,Hernández,Especialista en Soporte Técnico,Soporte Técnico,2023-03-08,43592,2
EMP-1826,David,Llorens,Data Scientist,Ingeniería,2023-01-13,74437,3
EMP-1827,Javier,Ruiz,Especialista en Legal,Legal,2023-02-17,76544,4
EMP-1828,Juan,García,Especialista en Finanzas,Finanzas,2024-02-10,61439,3
EMP-1829,Paula,Martínez,Auditor Green Ops,Operaciones Verdes,2022-09-03,42145,2
EMP-1830,Ana,Casanova,Desarrollador Junior,Ingeniería,2022-04-19,60994,3
EMP-1831,Lucía,Martín,Arquitecto Cloud,Ingeniería,2022-07-15,53518,2
EMP-1832,Marcos,Panda,Arquitecto Cloud,Ingeniería,2023-03-08,71051,3
EMP-1833,Alejandro,López,Especialista en Ventas,Ventas,2024-01-01,68622,3
EMP-1834,Lucía,Llorens,Arquitecto Cloud,Ingeniería,2023-02-28,74612,3
EMP-1835,Paula,Alonso,Desarrollador Junior,Ingeniería,2023-07-10,61816,3
EMP-1836,Carmen,Sánchez,Especialista en Legal,Legal,2023-06-25,52742,2
EMP-1837,Paula,Torres,Auditor Green Ops,Operaciones Verdes,2023-04-26,48177,2
EMP-1838,Marcos,Díaz,Especialista en Finanzas,Finanzas,2024-03-31,43928,2
EMP-1839,Tariq,Díaz,Especialista en Finanzas,Finanzas,2022-11-07,72995,3
EMP-1840,Laura,Torres,Especialista en Soporte Técnico,Soporte Técnico,2023-10-23,44465,2
EMP-1841,Tariq,López,Arquitecto Cloud,Ingeniería,2024-01-15,49110,2
EMP-1842,Sergio,Martín,Especialista en Soporte Técnico,Soporte Técnico,2024-01-03,47535,2
EMP-1843,María,Alonso,Especialista en Ventas,Ventas,2023-04-15,49034,2
EMP-1844,Alejandro,García,Especialista en Recursos Humanos,Recursos Humanos,2024-03-03,63984,3
EMP-1845,Héctor,Hernández,Especialista en Refrigeración,Operaciones Verdes,2022-08-13,71371,3
EMP-1846,Sergio,Díaz,Ingeniero de Eficiencia Energética,Operaciones Verdes,2023-04-02,31969,1
EMP-1847,David,Gutiérrez,Desarrollador Senior,Ingeniería,2023-12-07,69394,3
EMP-1848,Lucía,Casanova,Especialista en Marketing,Marketing,2022-07-26,27544,1
EMP-1849,Héctor,Moreno,Especialista en Ventas,Ventas,2022-04-23,65009,3
EMP-1850,Sofía,Ruiz,Data Scientist,Ingeniería,2023-11-19,73045,3
EMP-1851,Marcos,Al-Fayed,Auditor Green Ops,Operaciones Verdes,2022-04-05,42858,2
EMP-1852,José,Alonso,Arquitecto Cloud,Ingeniería,2023-05-09,57472,3
EMP-1853,Marcos,Navarro,Ingeniero de Eficiencia Energética,Operaciones Verdes,2023-05-08,67456,3
EMP-1854,María,Hernández,Especialista en Ventas,Ventas,2022-09-05,56015,3
EMP-1855,Javier,Navarro,Ingeniero de Machine Learning,Ingeniería,2022-11-25,26114,1
EMP-1856,Tariq,Romero,Data Scientist,Ingeniería,2023-06-01,54685,2
EMP-1857,Daniel,Martín,Desarrollador Senior,Ingeniería,2023-11-29,61884,3
EMP-1858,Paula,Navarro,Arquitecto Cloud,Ingeniería,2023-03-18,32302,1
EMP-1859,Jorge,Al-Fayed,Técnico de Data Center,Operaciones Verdes,2023-11-17,48276,2
EMP-1860,Tariq,López,Data Scientist,Ingeniería,2023-03-04,62106,3
EMP-1861,Marcos,Gómez,Ingeniero DevOps,Ingeniería,2023-10-18,63711,3
EMP-1862,Jorge,Hernández,Especialista en Ventas,Ventas,2023-02-13,74615,3
EMP-1863,David,Gutiérrez,Especialista en Legal,Legal,2024-03-21,42310,2
EMP-1864,David,Romero,Especialista en Soporte Técnico,Soporte Técnico,2022-11-10,26315,1
EMP-1865,Laura,Sánchez,Arquitecto Cloud,Ingeniería,2024-04-06,30762,1
EMP-1866,Pablo,Llorens,Auditor Green Ops,Operaciones Verdes,2023-01-07,75160,4
EMP-1867,Marta,Hernández,Arquitecto Cloud,Ingeniería,2024-03-31,61793,3
EMP-1868,Cozy,Alonso,Especialista en Ventas,Ventas,2023-11-12,55704,3
EMP-1869,Sergio,Pérez,Arquitecto Cloud,Ingeniería,2022-07-11,33728,1
EMP-1870,Carlos,Díaz,Especialista en Legal,Legal,2022-07-29,73749,3
EMP-1871,Juan,Navarro,Especialista en Legal,Legal,2023-05-26,61229,3
EMP-1872,Sergio,Gómez,Data Scientist,Ingeniería,2022-07-02,36670,2
EMP-1873,Sergio,Ruiz,Ingeniero DevOps,Ingeniería,2024-03-22,38957,2
EMP-1874,Tariq,Sánchez,Auditor Green Ops,Operaciones Verdes,2024-03-05,50927,2
EMP-1875,Marta,Jiménez,Especialista en Legal,Legal,2023-07-17,68089,3
EMP-1876,Isabel,Álvarez,Técnico de Data Center,Operaciones Verdes,2022-12-15,41536,2
EMP-1877,María,Romero,Especialista en Ventas,Ventas,2024-02-29,66411,3
EMP-1878,Lucía,Muñoz,Especialista en Ventas,Ventas,2023-04-30,44399,2
EMP-1879,Elena,Díaz,Especialista en Ventas,Ventas,2023-04-21,40640,2
EMP-1880,Laura,García,Especialista en Recursos Humanos,Recursos Humanos,2024-01-17,40539,2
EMP-1881,Isabel,Navarro,Desarrollador Senior,Ingeniería,2023-05-16,38698,2
EMP-1882,Cozy,Pérez,Especialista en Ventas,Ventas,2022-07-24,25589,1
EMP-1883,Carlos,Díaz,Ingeniero de Eficiencia Energética,Operaciones Verdes,2023-02-08,48981,2
EMP-1884,Laura,Sánchez,Técnico de Data Center,Operaciones Verdes,2023-11-27,62013,3
EMP-1885,Jorge,Panda,Desarrollador Senior,Ingeniería,2024-04-08,72485,3
EMP-1886,Laura,Gutiérrez,Especialista en Marketing,Marketing,2023-09-25,75119,4
EMP-1887,Tariq,Domínguez,Data Scientist,Ingeniería,2022-06-13,77112,4
EMP-1888,Elena,Llorens,Especialista en Legal,Legal,2023-01-02,34105,1
EMP-1889,Sergio,García,Arquitecto Cloud,Ingeniería,2023-05-30,35025,2
EMP-1890,Elena,Pérez,Especialista en Ventas,Ventas,2023-05-28,66038,3
EMP-1891,Lucía,Alonso,Especialista en Finanzas,Finanzas,2023-01-05,54338,2
EMP-1892,José,Muñoz,Ingeniero de Machine Learning,Ingeniería,2022-12-23,32901,1
EMP-1893,Juan,Martín,Técnico de Data Center,Operaciones Verdes,2023-06-25,61615,3
EMP-1894,José,Gómez,Especialista en Soporte Técnico,Soporte Técnico,2024-01-02,48070,2
EMP-1895,José,Llorens,Auditor Green Ops,Operaciones Verdes,2022-11-01,47928,2
EMP-1896,Daniel,Sánchez,Especialista en Refrigeración,Operaciones Verdes,2024-02-09,27505,1
EMP-1897,Sergio,Navarro,Especialista en Soporte Técnico,Soporte Técnico,2022-09-14,59618,3
EMP-1898,Sergio,García,Auditor Green Ops,Operaciones Verdes,2023-01-03,47288,2
EMP-1899,Marcos,Muñoz,Ingeniero de Machine Learning,Ingeniería,2022-07-14,45947,2
EMP-1900,José,Muñoz,Especialista en Legal,Legal,2023-10-15,78274,4
EMP-1901,Daniel,Romero,Ingeniero DevOps,Ingeniería,2023-12-04,38502,2
EMP-1902,Pablo,Sánchez,Especialista en Legal,Legal,2022-10-11,25351,1
EMP-1903,Pablo,Díaz,Especialista en Finanzas,Finanzas,2023-11-15,35674,2
EMP-1904,David,Llorens,Especialista en Ventas,Ventas,2023-11-23,59864,3
EMP-1905,Alejandro,Romero,Data Scientist,Ingeniería,2022-05-31,37787,2
EMP-1906,Ana,Muñoz,Especialista en Soporte Técnico,Soporte Técnico,2023-12-16,38528,2
EMP-1907,Isabel,Hernández,Ingeniero DevOps,Ingeniería,2023-06-29,41048,2
EMP-1908,Ana,Martín,Especialista en Ventas,Ventas,2022-08-20,42910,2
EMP-1909,Juan,Alonso,Desarrollador Senior,Ingeniería,2022-04-01,78586,4
EMP-1910,Laura,Domínguez,Arquitecto Cloud,Ingeniería,2023-11-07,41174,2
EMP-1911,Paula,Alonso,Desarrollador Junior,Ingeniería,2023-01-22,64743,3
EMP-1912,Jorge,Domínguez,Arquitecto Cloud,Ingeniería,2023-07-13,43617,2
EMP-1913,Alejandro,Gutiérrez,Especialista en Ventas,Ventas,2022-04-05,65749,3
EMP-1914,Laura,Llorens,Técnico de Data Center,Operaciones Verdes,2023-09-09,31314,1
EMP-1915,Juan,Llorens,Especialista en Legal,Legal,2022-06-17,32967,1
EMP-1916,Marcos,Jiménez,Especialista en Refrigeración,Operaciones Verdes,2023-11-12,33149,1
EMP-1917,Laura,Álvarez,Ingeniero de Machine Learning,Ingeniería,2023-08-29,61740,3
EMP-1918,Tariq,Domínguez,Especialista en Refrigeración,Operaciones Verdes,2024-02-24,71833,3
EMP-1919,Jorge,Pérez,Ingeniero de Eficiencia Energética,Operaciones Verdes,2022-06-10,37836,2
EMP-1920,Laura,Navarro,Especialista en Soporte Técnico,Soporte Técnico,2024-03-31,43355,2
EMP-1921,Laura,Moreno,Especialista en Soporte Técnico,Soporte Técnico,2022-06-03,28147,1
EMP-1922,Lucía,Domínguez,Especialista en Ventas,Ventas,2022-10-05,60480,3
EMP-1923,Alejandro,Sánchez,Desarrollador Senior,Ingeniería,2022-07-05,35810,2
EMP-1924,Juan,Ruiz,Técnico de Data Center,Operaciones Verdes,2023-02-01,35335,2
EMP-1925,Sergio,Panda,Especialista en Legal,Legal,2023-05-16,42094,2
EMP-1926,Daniel,Moreno,Ingeniero DevOps,Ingeniería,2024-03-25,70234,3
EMP-1927,Alejandro,Díaz,Especialista en Legal,Legal,2023-11-30,41756,2
EMP-1928,Isabel,Domínguez,Desarrollador Junior,Ingeniería,2023-06-28,41595,2
EMP-1929,Jorge,Moreno,Especialista en Soporte Técnico,Soporte Técnico,2023-06-04,56600,3
EMP-1930,Javier,Navarro,Especialista en Marketing,Marketing,2023-05-05,35498,2
EMP-1931,Isabel,Torres,Especialista en Soporte Técnico,Soporte Técnico,2023-09-24,60227,3
EMP-1932,Ana,Sánchez,Técnico de Data Center,Operaciones Verdes,2023-11-01,73049,3
EMP-1933,Tariq,Gómez,Ingeniero de Machine Learning,Ingeniería,2022-06-17,73542,3
EMP-1934,David,Díaz,Ingeniero de Machine Learning,Ingeniería,2022-10-26,44912,2
EMP-1935,David,Casanova,Especialista en Refrigeración,Operaciones Verdes,2023-04-25,69084,3
EMP-1936,Pablo,Alonso,Especialista en Recursos Humanos,Recursos Humanos,2022-11-16,78676,4
EMP-1937,Lucía,Gómez,Especialista en Legal,Legal,2023-06-11,37046,2
EMP-1938,Ana,Navarro,Especialista en Ventas,Ventas,2022-07-18,65861,3
EMP-1939,Alejandro,Navarro,Ingeniero de Eficiencia Energética,Operaciones Verdes,2022-11-14,63883,3
EMP-1940,Marta,López,Especialista en Marketing,Marketing,2022-05-24,55702,3
EMP-1941,Alejandro,Jiménez,Auditor Green Ops,Operaciones Verdes,2024-03-21,49675,2
EMP-1942,Marta,García,Data Scientist,Ingeniería,2023-05-30,72524,3
EMP-1943,José,Navarro,Desarrollador Junior,Ingeniería,2023-07-07,34575,1
EMP-1944,David,Gutiérrez,Especialista en Legal,Legal,2022-10-29,27984,1
EMP-1945,Tariq,Jiménez,Arquitecto Cloud,Ingeniería,2024-04-16,70897,3
EMP-1946,Cozy,Alonso,Auditor Green Ops,Operaciones Verdes,2022-09-28,75133,4
EMP-1947,Sofía,Ruiz,Especialista en Finanzas,Finanzas,2023-11-06,49831,2
EMP-1948,Tariq,López,Especialista en Finanzas,Finanzas,2022-09-30,53428,2
EMP-1949,Carlos,Llorens,Ingeniero DevOps,Ingeniería,2023-02-22,49207,2
EMP-1950,Daniel,Gutiérrez,Arquitecto Cloud,Ingeniería,2024-01-06,35357,2
EMP-1951,Lucía,Casanova,Desarrollador Senior,Ingeniería,2022-08-20,54707,2
EMP-1952,Juan,Gómez,Arquitecto Cloud,Ingeniería,2023-09-25,65914,3
EMP-1953,Laura,Pérez,Desarrollador Junior,Ingeniería,2023-03-07,45569,2
EMP-1954,Marta,Sánchez,Desarrollador Senior,Ingeniería,2022-08-08,54390,2
EMP-1955,Juan,Martín,Desarrollador Senior,Ingeniería,2024-01-03,79670,4
EMP-1956,Cozy,Casanova,Especialista en Legal,Legal,2023-12-27,48197,2
EMP-1957,Daniel,Sánchez,Especialista en Finanzas,Finanzas,2022-11-24,56142,3
EMP-1958,María,Casanova,Especialista en Legal,Legal,2022-08-23,45906,2
EMP-1959,Lucía,García,Ingeniero de Machine Learning,Ingeniería,2023-09-20,26276,1
EMP-1960,Isabel,Ruiz,Especialista en Marketing,Marketing,2022-05-30,74095,3
EMP-1961,Pablo,Gómez,Especialista en Soporte Técnico,Soporte Técnico,2023-07-01,40163,2
EMP-1962,Jorge,Hernández,Especialista en Ventas,Ventas,2023-05-14,41728,2
EMP-1963,Paula,Romero,Ingeniero DevOps,Ingeniería,2024-01-28,32401,1
EMP-1964,Daniel,García,Especialista en Legal,Legal,2022-05-14,58284,3
EMP-1965,Tariq,Ruiz,Ingeniero de Eficiencia Energética,Operaciones Verdes,2023-12-31,57935,3
EMP-1966,Jorge,García,Especialista en Ventas,Ventas,2022-04-25,53944,2
EMP-1967,Héctor,Muñoz,Técnico de Data Center,Operaciones Verdes,2022-08-28,61302,3
EMP-1968,Ana,Díaz,Desarrollador Senior,Ingeniería,2023-04-04,78789,4
EMP-1969,Sofía,Álvarez,Auditor Green Ops,Operaciones Verdes,2023-11-11,76044,4
EMP-1970,Sofía,Domínguez,Especialista en Ventas,Ventas,2024-03-25,36104,2
EMP-1971,María,Domínguez,Desarrollador Junior,Ingeniería,2023-07-01,43124,2
EMP-1972,Sofía,Ruiz,Especialista en Legal,Legal,2023-08-27,70561,3
EMP-1973,Pablo,Casanova,Especialista en Refrigeración,Operaciones Verdes,2022-08-27,56616,3
EMP-1974,Laura,Sánchez,Ingeniero DevOps,Ingeniería,2023-06-03,60737,3
EMP-1975,Alejandro,Torres,Desarrollador Senior,Ingeniería,2023-05-09,65479,3
EMP-1976,Marta,Al-Fayed,Data Scientist,Ingeniería,2023-10-26,61769,3
EMP-1977,María,Navarro,Desarrollador Junior,Ingeniería,2023-05-13,79112,4
EMP-1978,Marcos,Pérez,Auditor Green Ops,Operaciones Verdes,2024-03-03,36211,2
EMP-1979,Pablo,Panda,Auditor Green Ops,Operaciones Verdes,2023-04-25,58126,3
EMP-1980,Carmen,Martín,Especialista en Ventas,Ventas,2023-08-09,59053,3
EMP-1981,David,Romero,Especialista en Ventas,Ventas,2023-12-09,39511,2
EMP-1982,David,Llorens,Especialista en Legal,Legal,2022-04-29,76724,4
EMP-1983,Héctor,Domínguez,Especialista en Ventas,Ventas,2023-06-30,63249,3
EMP-1984,Carmen,Martín,Especialista en Ventas,Ventas,2024-03-15,73604,3
EMP-1985,Paula,Martínez,Especialista en Soporte Técnico,Soporte Técnico,2022-05-30,35290,2
EMP-1986,David,López,Especialista en Soporte Técnico,Soporte Técnico,2024-02-05,72879,3
EMP-1987,Paula,Sánchez,Data Scientist,Ingeniería,2023-12-21,50019,2
EMP-1988,Juan,Casanova,Arquitecto Cloud,Ingeniería,2023-04-08,38402,2
EMP-1989,Marcos,Pérez,Especialista en Marketing,Marketing,2022-04-02,50152,2
EMP-1990,Jorge,Gómez,Especialista en Ventas,Ventas,2022-04-16,56215,3
EMP-1991,Paula,Jiménez,Ingeniero DevOps,Ingeniería,2023-11-18,79345,4
EMP-1992,Javier,Jiménez,Especialista en Legal,Legal,2022-12-05,77474,4
EMP-1993,Sofía,Domínguez,Técnico de Data Center,Operaciones Verdes,2023-01-16,37106,2
EMP-1994,Sergio,Díaz,Ingeniero DevOps,Ingeniería,2023-12-27,66622,3
EMP-1995,Cozy,Gómez,Especialista en Marketing,Marketing,2023-02-16,34106,1
EMP-1996,Pablo,Pérez,Data Scientist,Ingeniería,2023-06-25,31139,1
EMP-1997,Paula,Ruiz,Especialista en Recursos Humanos,Recursos Humanos,2023-12-15,34311,1
EMP-1998,David,Domínguez,Arquitecto Cloud,Ingeniería,2022-12-17,65142,3
EMP-1999,Laura,Torres,Ingeniero de Eficiencia Energética,Operaciones Verdes,2023-01-26,30529,1
EMP-2000,Laura,Panda,Arquitecto Cloud,Ingeniería,2023-12-15,67148,3
